-- MySQL dump 10.13  Distrib 8.4.3, for Win64 (x86_64)
--
-- Host: 127.0.0.1    Database: caja_ahorro_pujota
-- ------------------------------------------------------
-- Server version	8.4.3

/*!40101 SET @OLD_CHARACTER_SET_CLIENT=@@CHARACTER_SET_CLIENT */;
/*!40101 SET @OLD_CHARACTER_SET_RESULTS=@@CHARACTER_SET_RESULTS */;
/*!40101 SET @OLD_COLLATION_CONNECTION=@@COLLATION_CONNECTION */;
/*!50503 SET NAMES utf8mb4 */;
/*!40103 SET @OLD_TIME_ZONE=@@TIME_ZONE */;
/*!40103 SET TIME_ZONE='+00:00' */;
/*!40014 SET @OLD_UNIQUE_CHECKS=@@UNIQUE_CHECKS, UNIQUE_CHECKS=0 */;
/*!40014 SET @OLD_FOREIGN_KEY_CHECKS=@@FOREIGN_KEY_CHECKS, FOREIGN_KEY_CHECKS=0 */;
/*!40101 SET @OLD_SQL_MODE=@@SQL_MODE, SQL_MODE='NO_AUTO_VALUE_ON_ZERO' */;
/*!40111 SET @OLD_SQL_NOTES=@@SQL_NOTES, SQL_NOTES=0 */;

--
-- Table structure for table `amortizaciones`
--

DROP TABLE IF EXISTS `amortizaciones`;
/*!40101 SET @saved_cs_client     = @@character_set_client */;
/*!50503 SET character_set_client = utf8mb4 */;
CREATE TABLE `amortizaciones` (
  `id_amortizacion` char(36) CHARACTER SET utf8mb4 COLLATE utf8mb4_unicode_ci NOT NULL COMMENT 'Identificador +¦nico de la amortizaci+¦n (UUID)',
  `id_credito` char(36) CHARACTER SET utf8mb4 COLLATE utf8mb4_unicode_ci NOT NULL COMMENT 'FK al cr+®dito asociado',
  `numero_cuota` int NOT NULL COMMENT 'N+¦mero de cuota (1, 2, 3...)',
  `fecha_vencimiento` date NOT NULL COMMENT 'Fecha de vencimiento de la cuota',
  `capital` decimal(12,2) NOT NULL COMMENT 'Porci+¦n de capital de la cuota',
  `interes` decimal(12,2) NOT NULL COMMENT 'Porci+¦n de inter+®s de la cuota',
  `total` decimal(12,2) NOT NULL COMMENT 'Total de la cuota (capital + inter+®s)',
  `saldo_restante` decimal(12,2) NOT NULL COMMENT 'Saldo de capital pendiente despu+®s de esta cuota',
  `estado` enum('pendiente','pagada','vencida') CHARACTER SET utf8mb4 COLLATE utf8mb4_unicode_ci DEFAULT 'pendiente' COMMENT 'Estado de la cuota',
  `id_cobro` char(36) CHARACTER SET utf8mb4 COLLATE utf8mb4_unicode_ci DEFAULT NULL COMMENT 'FK al cobro cuando la cuota es pagada',
  PRIMARY KEY (`id_amortizacion`),
  KEY `idx_amortizaciones_cr+®dito` (`id_credito`),
  KEY `idx_amortizaciones_estado` (`estado`),
  CONSTRAINT `amortizaciones_ibfk_1` FOREIGN KEY (`id_credito`) REFERENCES `creditos` (`id_credito`)
) ENGINE=InnoDB DEFAULT CHARSET=utf8mb4 COLLATE=utf8mb4_unicode_ci COMMENT='Tabla de amortizaci+¦n de cr+®ditos ÔÇö cuotas generadas seg+¦n m+®todo de inter+®s';
/*!40101 SET character_set_client = @saved_cs_client */;

--
-- Dumping data for table `amortizaciones`
--

LOCK TABLES `amortizaciones` WRITE;
/*!40000 ALTER TABLE `amortizaciones` DISABLE KEYS */;
/*!40000 ALTER TABLE `amortizaciones` ENABLE KEYS */;
UNLOCK TABLES;

--
-- Table structure for table `archivos`
--

DROP TABLE IF EXISTS `archivos`;
/*!40101 SET @saved_cs_client     = @@character_set_client */;
/*!50503 SET character_set_client = utf8mb4 */;
CREATE TABLE `archivos` (
  `id_archivo` char(36) CHARACTER SET utf8mb4 COLLATE utf8mb4_unicode_ci NOT NULL COMMENT 'Identificador +¦nico del archivo (UUID)',
  `nombre_original` varchar(255) CHARACTER SET utf8mb4 COLLATE utf8mb4_unicode_ci NOT NULL COMMENT 'Nombre original del archivo subido',
  `nombre_archivo` varchar(255) CHARACTER SET utf8mb4 COLLATE utf8mb4_unicode_ci NOT NULL COMMENT 'Nombre interno en disco (UUID + extensi+¦n)',
  `mime_type` varchar(100) CHARACTER SET utf8mb4 COLLATE utf8mb4_unicode_ci NOT NULL COMMENT 'Tipo MIME del archivo',
  `tamano` bigint NOT NULL COMMENT 'Tama+¦o en bytes',
  `extension` varchar(10) CHARACTER SET utf8mb4 COLLATE utf8mb4_unicode_ci NOT NULL COMMENT 'Extensi+¦n del archivo (pdf, jpg, png, etc)',
  `ruta` varchar(500) CHARACTER SET utf8mb4 COLLATE utf8mb4_unicode_ci NOT NULL COMMENT 'Ruta relativa desde storage/archivos/',
  `hash_sha256` varchar(64) CHARACTER SET utf8mb4 COLLATE utf8mb4_unicode_ci NOT NULL COMMENT 'SHA-256 del contenido del archivo',
  `entidad_tipo` varchar(50) CHARACTER SET utf8mb4 COLLATE utf8mb4_unicode_ci DEFAULT NULL COMMENT 'Nombre de la tabla o m+¦dulo asociado (socio, credito, multa, etc)',
  `entidad_id` char(36) CHARACTER SET utf8mb4 COLLATE utf8mb4_unicode_ci DEFAULT NULL COMMENT 'UUID del registro asociado en la entidad',
  `subdirectorio` varchar(100) CHARACTER SET utf8mb4 COLLATE utf8mb4_unicode_ci DEFAULT 'general' COMMENT 'Subdirectorio dentro de storage/archivos/',
  `id_usuario_subio` char(36) CHARACTER SET utf8mb4 COLLATE utf8mb4_unicode_ci DEFAULT NULL COMMENT 'Usuario que subi+¦ el archivo',
  `fecha_subida` datetime DEFAULT CURRENT_TIMESTAMP COMMENT 'Fecha de subida del archivo',
  PRIMARY KEY (`id_archivo`),
  KEY `id_usuario_subio` (`id_usuario_subio`),
  KEY `idx_archivos_entidad` (`entidad_tipo`,`entidad_id`),
  KEY `idx_archivos_hash` (`hash_sha256`),
  CONSTRAINT `archivos_ibfk_1` FOREIGN KEY (`id_usuario_subio`) REFERENCES `usuarios` (`id_usuario`)
) ENGINE=InnoDB DEFAULT CHARSET=utf8mb4 COLLATE=utf8mb4_unicode_ci COMMENT='Gesti+¦n centralizada de archivos ? metadatos en BD, archivos fuera del public root';
/*!40101 SET character_set_client = @saved_cs_client */;

--
-- Dumping data for table `archivos`
--

LOCK TABLES `archivos` WRITE;
/*!40000 ALTER TABLE `archivos` DISABLE KEYS */;
/*!40000 ALTER TABLE `archivos` ENABLE KEYS */;
UNLOCK TABLES;

--
-- Table structure for table `asistencias`
--

DROP TABLE IF EXISTS `asistencias`;
/*!40101 SET @saved_cs_client     = @@character_set_client */;
/*!50503 SET character_set_client = utf8mb4 */;
CREATE TABLE `asistencias` (
  `id_asistencia` char(36) CHARACTER SET utf8mb4 COLLATE utf8mb4_unicode_ci NOT NULL COMMENT 'Identificador +¦nico del registro de asistencia (UUID)',
  `id_socio` char(36) CHARACTER SET utf8mb4 COLLATE utf8mb4_unicode_ci NOT NULL COMMENT 'FK al socio que asiste',
  `id_sesion` char(36) CHARACTER SET utf8mb4 COLLATE utf8mb4_unicode_ci NOT NULL COMMENT 'FK a la sesi+¦n mensual',
  `tipo` enum('a_tiempo','retraso_10min','retraso_30min','falta') CHARACTER SET utf8mb4 COLLATE utf8mb4_unicode_ci NOT NULL COMMENT 'Tipo de asistencia registrada',
  `justificacion` text CHARACTER SET utf8mb4 COLLATE utf8mb4_unicode_ci COMMENT 'Justificaci+¦n presentada por el socio (opcional)',
  `justificacion_pdf` varchar(255) CHARACTER SET utf8mb4 COLLATE utf8mb4_unicode_ci DEFAULT NULL COMMENT 'Archivo PDF de la justificaci+¦n',
  `justificacion_aprobada` tinyint(1) DEFAULT '0' COMMENT 'Indica si la justificaci+¦n fue aprobada',
  `usuario_registra` char(36) CHARACTER SET utf8mb4 COLLATE utf8mb4_unicode_ci NOT NULL COMMENT 'Usuario que registr+¦ la asistencia',
  `fecha_registro` datetime DEFAULT CURRENT_TIMESTAMP COMMENT 'Fecha y hora del registro',
  PRIMARY KEY (`id_asistencia`),
  UNIQUE KEY `id_socio` (`id_socio`,`id_sesion`),
  KEY `id_sesi+¦n` (`id_sesion`),
  KEY `usuario_registra` (`usuario_registra`),
  CONSTRAINT `asistencias_ibfk_1` FOREIGN KEY (`id_socio`) REFERENCES `socios` (`id_socio`),
  CONSTRAINT `asistencias_ibfk_2` FOREIGN KEY (`id_sesion`) REFERENCES `sesiones_mensuales` (`id_sesion`),
  CONSTRAINT `asistencias_ibfk_3` FOREIGN KEY (`usuario_registra`) REFERENCES `usuarios` (`id_usuario`)
) ENGINE=InnoDB DEFAULT CHARSET=utf8mb4 COLLATE=utf8mb4_unicode_ci COMMENT='Registro de asistencia a sesiones mensuales con tipo y justificaci+¦n';
/*!40101 SET character_set_client = @saved_cs_client */;

--
-- Dumping data for table `asistencias`
--

LOCK TABLES `asistencias` WRITE;
/*!40000 ALTER TABLE `asistencias` DISABLE KEYS */;
/*!40000 ALTER TABLE `asistencias` ENABLE KEYS */;
UNLOCK TABLES;

--
-- Table structure for table `caja_movimientos`
--

DROP TABLE IF EXISTS `caja_movimientos`;
/*!40101 SET @saved_cs_client     = @@character_set_client */;
/*!50503 SET character_set_client = utf8mb4 */;
CREATE TABLE `caja_movimientos` (
  `id_movimiento` char(36) CHARACTER SET utf8mb4 COLLATE utf8mb4_unicode_ci NOT NULL COMMENT 'Identificador unico del movimiento (UUID)',
  `id_sesion` char(36) CHARACTER SET utf8mb4 COLLATE utf8mb4_unicode_ci DEFAULT NULL COMMENT 'FK a la sesion donde ocurrio',
  `id_socio` char(36) CHARACTER SET utf8mb4 COLLATE utf8mb4_unicode_ci DEFAULT NULL COMMENT 'FK al socio relacionado',
  `id_referencia` char(36) CHARACTER SET utf8mb4 COLLATE utf8mb4_unicode_ci DEFAULT NULL COMMENT 'FK al cobro, credito, inversion, etc',
  `tipo_movimiento` enum('ingreso','egreso') CHARACTER SET utf8mb4 COLLATE utf8mb4_unicode_ci NOT NULL COMMENT 'Ingreso o egreso',
  `concepto` varchar(255) CHARACTER SET utf8mb4 COLLATE utf8mb4_unicode_ci NOT NULL COMMENT 'Concepto descriptivo de la operacion',
  `categoria` varchar(50) CHARACTER SET utf8mb4 COLLATE utf8mb4_unicode_ci NOT NULL COMMENT 'Categoria: aporte_obligatorio, multa, desembolso, etc',
  `monto` decimal(12,2) NOT NULL COMMENT 'Monto del movimiento',
  `saldo_anterior` decimal(12,2) NOT NULL COMMENT 'Saldo antes del movimiento',
  `saldo_posterior` decimal(12,2) NOT NULL COMMENT 'Saldo despues del movimiento',
  `fecha_registro` datetime DEFAULT CURRENT_TIMESTAMP COMMENT 'Fecha y hora del registro',
  PRIMARY KEY (`id_movimiento`),
  KEY `idx_fecha` (`fecha_registro`),
  KEY `idx_categoria` (`categoria`),
  KEY `idx_sesion` (`id_sesion`),
  KEY `idx_referencia` (`id_referencia`)
) ENGINE=InnoDB DEFAULT CHARSET=utf8mb4 COLLATE=utf8mb4_unicode_ci COMMENT='Libro mayor de la Caja - estado de cuenta centralizado';
/*!40101 SET character_set_client = @saved_cs_client */;

--
-- Dumping data for table `caja_movimientos`
--

LOCK TABLES `caja_movimientos` WRITE;
/*!40000 ALTER TABLE `caja_movimientos` DISABLE KEYS */;
/*!40000 ALTER TABLE `caja_movimientos` ENABLE KEYS */;
UNLOCK TABLES;

--
-- Table structure for table `cantones`
--

DROP TABLE IF EXISTS `cantones`;
/*!40101 SET @saved_cs_client     = @@character_set_client */;
/*!50503 SET character_set_client = utf8mb4 */;
CREATE TABLE `cantones` (
  `id_canton` int NOT NULL AUTO_INCREMENT COMMENT 'Identificador num+®rico del cant+¦n',
  `id_provincia` int NOT NULL COMMENT 'FK a la provincia',
  `nombre` varchar(100) CHARACTER SET utf8mb4 COLLATE utf8mb4_unicode_ci NOT NULL COMMENT 'Nombre del cant+¦n',
  PRIMARY KEY (`id_canton`),
  KEY `id_provincia` (`id_provincia`),
  CONSTRAINT `cantones_ibfk_1` FOREIGN KEY (`id_provincia`) REFERENCES `provincias` (`id_provincia`)
) ENGINE=InnoDB AUTO_INCREMENT=2 DEFAULT CHARSET=utf8mb4 COLLATE=utf8mb4_unicode_ci COMMENT='Cat+ílogo de cantones por provincia';
/*!40101 SET character_set_client = @saved_cs_client */;

--
-- Dumping data for table `cantones`
--

LOCK TABLES `cantones` WRITE;
/*!40000 ALTER TABLE `cantones` DISABLE KEYS */;
INSERT INTO `cantones` VALUES (1,1,'Pedro Moncayo');
/*!40000 ALTER TABLE `cantones` ENABLE KEYS */;
UNLOCK TABLES;

--
-- Table structure for table `capital_inversion`
--

DROP TABLE IF EXISTS `capital_inversion`;
/*!40101 SET @saved_cs_client     = @@character_set_client */;
/*!50503 SET character_set_client = utf8mb4 */;
CREATE TABLE `capital_inversion` (
  `id_capital_inversion` char(36) CHARACTER SET utf8mb4 COLLATE utf8mb4_unicode_ci NOT NULL COMMENT 'Identificador unico del registro de capital de inversion (UUID)',
  `id_socio` char(36) CHARACTER SET utf8mb4 COLLATE utf8mb4_unicode_ci NOT NULL COMMENT 'FK al socio',
  `saldo` decimal(12,2) DEFAULT '0.00' COMMENT 'Saldo disponible para invertir',
  `fecha_ultimo_movimiento` datetime DEFAULT NULL COMMENT 'Fecha del ultimo movimiento',
  PRIMARY KEY (`id_capital_inversion`),
  UNIQUE KEY `id_socio` (`id_socio`),
  CONSTRAINT `capital_inversion_ibfk_1` FOREIGN KEY (`id_socio`) REFERENCES `socios` (`id_socio`)
) ENGINE=InnoDB DEFAULT CHARSET=utf8mb4 COLLATE=utf8mb4_unicode_ci COMMENT='Capital de inversion del socio - independiente de la cuenta de ahorro';
/*!40101 SET character_set_client = @saved_cs_client */;

--
-- Dumping data for table `capital_inversion`
--

LOCK TABLES `capital_inversion` WRITE;
/*!40000 ALTER TABLE `capital_inversion` DISABLE KEYS */;
/*!40000 ALTER TABLE `capital_inversion` ENABLE KEYS */;
UNLOCK TABLES;

--
-- Table structure for table `catastro_entidades_publicas`
--

DROP TABLE IF EXISTS `catastro_entidades_publicas`;
/*!40101 SET @saved_cs_client     = @@character_set_client */;
/*!50503 SET character_set_client = utf8mb4 */;
CREATE TABLE `catastro_entidades_publicas` (
  `id_entidad` int NOT NULL AUTO_INCREMENT COMMENT 'Identificador num+®rico de la entidad',
  `ruc` varchar(13) CHARACTER SET utf8mb4 COLLATE utf8mb4_unicode_ci NOT NULL COMMENT 'RUC de la entidad p+¦blica',
  `razon_social` varchar(200) CHARACTER SET utf8mb4 COLLATE utf8mb4_unicode_ci NOT NULL COMMENT 'Raz+¦n social de la entidad',
  PRIMARY KEY (`id_entidad`)
) ENGINE=InnoDB DEFAULT CHARSET=utf8mb4 COLLATE=utf8mb4_unicode_ci COMMENT='Catastro de entidades p+¦blicas para registro de socios';
/*!40101 SET character_set_client = @saved_cs_client */;

--
-- Dumping data for table `catastro_entidades_publicas`
--

LOCK TABLES `catastro_entidades_publicas` WRITE;
/*!40000 ALTER TABLE `catastro_entidades_publicas` DISABLE KEYS */;
/*!40000 ALTER TABLE `catastro_entidades_publicas` ENABLE KEYS */;
UNLOCK TABLES;

--
-- Table structure for table `cobros`
--

DROP TABLE IF EXISTS `cobros`;
/*!40101 SET @saved_cs_client     = @@character_set_client */;
/*!50503 SET character_set_client = utf8mb4 */;
CREATE TABLE `cobros` (
  `id_cobro` char(36) CHARACTER SET utf8mb4 COLLATE utf8mb4_unicode_ci NOT NULL COMMENT 'Identificador +¦nico del cobro (UUID)',
  `id_socio` char(36) CHARACTER SET utf8mb4 COLLATE utf8mb4_unicode_ci NOT NULL COMMENT 'FK al socio que realiza el pago',
  `id_sesion` char(36) CHARACTER SET utf8mb4 COLLATE utf8mb4_unicode_ci DEFAULT NULL COMMENT 'FK a la sesi+¦n mensual donde se registra el cobro',
  `tipo` enum('aporte_obligatorio','aporte_excedente','cuota_credito','multa','inversion','interes','desembolso','otro','deposito_capital_inversion','retiro_inversion') CHARACTER SET utf8mb4 COLLATE utf8mb4_unicode_ci NOT NULL,
  `id_referencia` char(36) CHARACTER SET utf8mb4 COLLATE utf8mb4_unicode_ci DEFAULT NULL COMMENT 'ID de referencia seg+¦n el tipo (id_amortizaci+¦n, id_multa, etc.)',
  `monto` decimal(12,2) NOT NULL COMMENT 'Monto cobrado',
  `medio_pago` enum('efectivo','transferencia','compensacion','digital') CHARACTER SET utf8mb4 COLLATE utf8mb4_unicode_ci DEFAULT NULL,
  `comprobante_pdf` varchar(255) CHARACTER SET utf8mb4 COLLATE utf8mb4_unicode_ci DEFAULT NULL COMMENT 'Archivo PDF del comprobante de pago',
  `hash_integridad` varchar(64) CHARACTER SET utf8mb4 COLLATE utf8mb4_unicode_ci DEFAULT NULL COMMENT 'SHA-256 de integridad del registro',
  `usuario_registra` char(36) CHARACTER SET utf8mb4 COLLATE utf8mb4_unicode_ci NOT NULL COMMENT 'Usuario que registr+¦ el cobro',
  `anulado` tinyint(1) DEFAULT '0' COMMENT 'Indica si el cobro fue anulado',
  `motivo_anulacion` varchar(255) CHARACTER SET utf8mb4 COLLATE utf8mb4_unicode_ci DEFAULT NULL COMMENT 'Motivo de la anulaci+¦n',
  `fecha_anulacion` datetime DEFAULT NULL COMMENT 'Fecha de anulaci+¦n',
  `usuario_anula` char(36) CHARACTER SET utf8mb4 COLLATE utf8mb4_unicode_ci DEFAULT NULL COMMENT 'Usuario que anul+¦ el cobro',
  `fecha_registro` datetime DEFAULT CURRENT_TIMESTAMP COMMENT 'Fecha de registro del cobro',
  PRIMARY KEY (`id_cobro`),
  KEY `usuario_registra` (`usuario_registra`),
  KEY `idx_cobros_socio` (`id_socio`),
  KEY `idx_cobros_tipo` (`tipo`),
  KEY `idx_cobros_sesi+¦n` (`id_sesion`),
  KEY `idx_cobros_fecha` (`fecha_registro`),
  CONSTRAINT `cobros_ibfk_1` FOREIGN KEY (`id_socio`) REFERENCES `socios` (`id_socio`),
  CONSTRAINT `cobros_ibfk_2` FOREIGN KEY (`id_sesion`) REFERENCES `sesiones_mensuales` (`id_sesion`),
  CONSTRAINT `cobros_ibfk_3` FOREIGN KEY (`usuario_registra`) REFERENCES `usuarios` (`id_usuario`)
) ENGINE=InnoDB DEFAULT CHARSET=utf8mb4 COLLATE=utf8mb4_unicode_ci COMMENT='Registro de cobros ÔÇö transacciones financieras diarias';
/*!40101 SET character_set_client = @saved_cs_client */;

--
-- Dumping data for table `cobros`
--

LOCK TABLES `cobros` WRITE;
/*!40000 ALTER TABLE `cobros` DISABLE KEYS */;
/*!40000 ALTER TABLE `cobros` ENABLE KEYS */;
UNLOCK TABLES;

--
-- Table structure for table `creditos`
--

DROP TABLE IF EXISTS `creditos`;
/*!40101 SET @saved_cs_client     = @@character_set_client */;
/*!50503 SET character_set_client = utf8mb4 */;
CREATE TABLE `creditos` (
  `id_credito` char(36) CHARACTER SET utf8mb4 COLLATE utf8mb4_unicode_ci NOT NULL COMMENT 'Identificador +¦nico del cr+®dito (UUID)',
  `id_socio` char(36) CHARACTER SET utf8mb4 COLLATE utf8mb4_unicode_ci NOT NULL COMMENT 'FK al socio solicitante',
  `id_producto` char(36) CHARACTER SET utf8mb4 COLLATE utf8mb4_unicode_ci NOT NULL COMMENT 'FK al producto financiero asociado',
  `id_sesion_aprobacion` char(36) CHARACTER SET utf8mb4 COLLATE utf8mb4_unicode_ci DEFAULT NULL COMMENT 'FK a la sesi+¦n donde se aprob+¦ el cr+®dito',
  `monto_solicitado` decimal(12,2) NOT NULL COMMENT 'Monto solicitado por el socio',
  `monto_aprobado` decimal(12,2) DEFAULT NULL COMMENT 'Monto aprobado por la Asamblea',
  `plazo_meses` int NOT NULL COMMENT 'Plazo del cr+®dito en meses',
  `tasa_interes` decimal(5,2) NOT NULL COMMENT 'Tasa de inter+®s anual aplicada',
  `metodo_interes` enum('simple','frances','aleman') CHARACTER SET utf8mb4 COLLATE utf8mb4_unicode_ci NOT NULL COMMENT 'Metodo de interes aplicado a este credito',
  `destino` text CHARACTER SET utf8mb4 COLLATE utf8mb4_unicode_ci COMMENT 'Destino o prop+¦sito del cr+®dito',
  `estado` enum('ingresado','pendiente','aprobado','legalizado','desembolsado','rechazado','cancelado') CHARACTER SET utf8mb4 COLLATE utf8mb4_unicode_ci NOT NULL DEFAULT 'ingresado' COMMENT 'Estado actual de la solicitud de credito',
  `acta_aprobacion_pdf` varchar(255) CHARACTER SET utf8mb4 COLLATE utf8mb4_unicode_ci DEFAULT NULL COMMENT 'Archivo PDF del acta de aprobaci+¦n',
  `fecha_solicitud` datetime DEFAULT CURRENT_TIMESTAMP COMMENT 'Fecha de solicitud del cr+®dito',
  `fecha_aprobacion` datetime DEFAULT NULL COMMENT 'Fecha de aprobaci+¦n',
  `fecha_desembolso` datetime DEFAULT NULL COMMENT 'Fecha de desembolso del cr+®dito',
  `usuario_aprueba` char(36) CHARACTER SET utf8mb4 COLLATE utf8mb4_unicode_ci DEFAULT NULL COMMENT 'Usuario que aprob+¦ el cr+®dito',
  `justificacion` text CHARACTER SET utf8mb4 COLLATE utf8mb4_unicode_ci COMMENT 'Justificacion de rechazo o puesta en espera',
  PRIMARY KEY (`id_credito`),
  KEY `id_producto` (`id_producto`),
  KEY `id_sesi+¦n_aprobaci+¦n` (`id_sesion_aprobacion`),
  KEY `usuario_aprueba` (`usuario_aprueba`),
  KEY `idx_cr+®ditos_estado` (`estado`),
  KEY `idx_cr+®ditos_socio` (`id_socio`),
  CONSTRAINT `creditos_ibfk_1` FOREIGN KEY (`id_socio`) REFERENCES `socios` (`id_socio`),
  CONSTRAINT `creditos_ibfk_2` FOREIGN KEY (`id_producto`) REFERENCES `productos_financieros` (`id_producto`),
  CONSTRAINT `creditos_ibfk_3` FOREIGN KEY (`id_sesion_aprobacion`) REFERENCES `sesiones_mensuales` (`id_sesion`),
  CONSTRAINT `creditos_ibfk_4` FOREIGN KEY (`usuario_aprueba`) REFERENCES `usuarios` (`id_usuario`)
) ENGINE=InnoDB DEFAULT CHARSET=utf8mb4 COLLATE=utf8mb4_unicode_ci COMMENT='Solicitudes y desembolsos de cr+®ditos de los socios';
/*!40101 SET character_set_client = @saved_cs_client */;

--
-- Dumping data for table `creditos`
--

LOCK TABLES `creditos` WRITE;
/*!40000 ALTER TABLE `creditos` DISABLE KEYS */;
/*!40000 ALTER TABLE `creditos` ENABLE KEYS */;
UNLOCK TABLES;

--
-- Table structure for table `cuentas_ahorro`
--

DROP TABLE IF EXISTS `cuentas_ahorro`;
/*!40101 SET @saved_cs_client     = @@character_set_client */;
/*!50503 SET character_set_client = utf8mb4 */;
CREATE TABLE `cuentas_ahorro` (
  `id_cuenta_ahorro` char(36) CHARACTER SET utf8mb4 COLLATE utf8mb4_unicode_ci NOT NULL COMMENT 'Identificador +¦nico de la cuenta de ahorro (UUID)',
  `id_socio` char(36) CHARACTER SET utf8mb4 COLLATE utf8mb4_unicode_ci NOT NULL COMMENT 'FK al socio propietario de la cuenta',
  `saldo_obligatorio` decimal(12,2) DEFAULT '0.00' COMMENT 'Saldo del aporte obligatorio (USD 10/mes)',
  `saldo_excedente` decimal(12,2) DEFAULT '0.00' COMMENT 'Saldo de aportes voluntarios/excedentes',
  `saldo_disponible` decimal(12,2) DEFAULT '0.00' COMMENT 'Saldo total disponible para retiro seg+¦n reglas',
  `fecha_ultimo_movimiento` datetime DEFAULT NULL COMMENT 'Fecha del +¦ltimo movimiento registrado',
  PRIMARY KEY (`id_cuenta_ahorro`),
  UNIQUE KEY `id_socio` (`id_socio`),
  CONSTRAINT `cuentas_ahorro_ibfk_1` FOREIGN KEY (`id_socio`) REFERENCES `socios` (`id_socio`)
) ENGINE=InnoDB DEFAULT CHARSET=utf8mb4 COLLATE=utf8mb4_unicode_ci COMMENT='Cuentas de ahorro de los socios ÔÇö capital separado de inversiones';
/*!40101 SET character_set_client = @saved_cs_client */;

--
-- Dumping data for table `cuentas_ahorro`
--

LOCK TABLES `cuentas_ahorro` WRITE;
/*!40000 ALTER TABLE `cuentas_ahorro` DISABLE KEYS */;
INSERT INTO `cuentas_ahorro` VALUES ('d3496eee-37e8-46b2-8bbf-c4180a07f54d','6819f961-b144-4c96-bbbd-8a0c0055cce1',0.00,0.00,0.00,'2026-06-24 13:28:09');
/*!40000 ALTER TABLE `cuentas_ahorro` ENABLE KEYS */;
UNLOCK TABLES;

--
-- Table structure for table `garantes`
--

DROP TABLE IF EXISTS `garantes`;
/*!40101 SET @saved_cs_client     = @@character_set_client */;
/*!50503 SET character_set_client = utf8mb4 */;
CREATE TABLE `garantes` (
  `id_garante` char(36) CHARACTER SET utf8mb4 COLLATE utf8mb4_unicode_ci NOT NULL COMMENT 'UUID del garante',
  `id_credito` char(36) CHARACTER SET utf8mb4 COLLATE utf8mb4_unicode_ci NOT NULL COMMENT 'FK al cr+®dito',
  `id_socio` char(36) CHARACTER SET utf8mb4 COLLATE utf8mb4_unicode_ci NOT NULL COMMENT 'FK al socio garante',
  `tipo_garante` enum('fiador_solidario','prendario','hipotecario') CHARACTER SET utf8mb4 COLLATE utf8mb4_unicode_ci DEFAULT 'fiador_solidario' COMMENT 'Tipo de garant+ˇa',
  `monto_garantizado` decimal(12,2) NOT NULL DEFAULT '0.00' COMMENT 'Monto garantizado',
  `fecha_registro` datetime DEFAULT CURRENT_TIMESTAMP COMMENT 'Fecha de registro',
  PRIMARY KEY (`id_garante`),
  KEY `id_socio` (`id_socio`),
  KEY `garantes_ibfk_1` (`id_credito`),
  CONSTRAINT `garantes_ibfk_1` FOREIGN KEY (`id_credito`) REFERENCES `creditos` (`id_credito`),
  CONSTRAINT `garantes_ibfk_2` FOREIGN KEY (`id_socio`) REFERENCES `socios` (`id_socio`)
) ENGINE=InnoDB DEFAULT CHARSET=utf8mb4 COLLATE=utf8mb4_unicode_ci COMMENT='Garantes de cr+®ditos';
/*!40101 SET character_set_client = @saved_cs_client */;

--
-- Dumping data for table `garantes`
--

LOCK TABLES `garantes` WRITE;
/*!40000 ALTER TABLE `garantes` DISABLE KEYS */;
/*!40000 ALTER TABLE `garantes` ENABLE KEYS */;
UNLOCK TABLES;

--
-- Table structure for table `historial_operaciones`
--

DROP TABLE IF EXISTS `historial_operaciones`;
/*!40101 SET @saved_cs_client     = @@character_set_client */;
/*!50503 SET character_set_client = utf8mb4 */;
CREATE TABLE `historial_operaciones` (
  `id_operacion` char(36) CHARACTER SET utf8mb4 COLLATE utf8mb4_unicode_ci NOT NULL COMMENT 'Identificador +¦nico de la operaci+¦n (UUID)',
  `id_socio` char(36) CHARACTER SET utf8mb4 COLLATE utf8mb4_unicode_ci NOT NULL COMMENT 'FK al socio asociado a la operaci+¦n',
  `tipo_operacion` enum('aporte_obligatorio','aporte_excedente','retiro_ahorro','desembolso_credito','pago_cuota','pago_multa','inversion_apertura','inversion_retiro','interes_ganado','interes_pagado','cierre_sesion','anulacion','deposito_capital_inversion') CHARACTER SET utf8mb4 COLLATE utf8mb4_unicode_ci NOT NULL,
  `monto` decimal(12,2) NOT NULL COMMENT 'Monto de la operaci+¦n',
  `saldo_anterior` decimal(12,2) DEFAULT NULL COMMENT 'Saldo anterior a la operaci+¦n',
  `saldo_posterior` decimal(12,2) DEFAULT NULL COMMENT 'Saldo posterior a la operaci+¦n',
  `id_referencia` char(36) CHARACTER SET utf8mb4 COLLATE utf8mb4_unicode_ci DEFAULT NULL COMMENT 'ID de referencia a la entidad origen',
  `id_sesion` char(36) CHARACTER SET utf8mb4 COLLATE utf8mb4_unicode_ci DEFAULT NULL COMMENT 'FK a la sesi+¦n mensual',
  `id_usuario_registra` char(36) CHARACTER SET utf8mb4 COLLATE utf8mb4_unicode_ci DEFAULT NULL COMMENT 'Usuario que registr+¦ la operaci+¦n',
  `comprobante_pdf` varchar(255) CHARACTER SET utf8mb4 COLLATE utf8mb4_unicode_ci DEFAULT NULL COMMENT 'Archivo PDF del comprobante',
  `hash_integridad` varchar(64) CHARACTER SET utf8mb4 COLLATE utf8mb4_unicode_ci DEFAULT NULL COMMENT 'SHA-256 de integridad del registro (inmodificable)',
  `ip_registro` varchar(45) CHARACTER SET utf8mb4 COLLATE utf8mb4_unicode_ci DEFAULT NULL COMMENT 'Direcci+¦n IP desde donde se registr+¦ la operaci+¦n',
  `fecha_registro` datetime DEFAULT CURRENT_TIMESTAMP COMMENT 'Fecha y hora del registro',
  PRIMARY KEY (`id_operacion`),
  KEY `id_sesi+¦n` (`id_sesion`),
  KEY `id_usuario_registra` (`id_usuario_registra`),
  KEY `idx_historial_socio` (`id_socio`),
  KEY `idx_historial_tipo` (`tipo_operacion`),
  KEY `idx_historial_fecha` (`fecha_registro`),
  CONSTRAINT `historial_operaciones_ibfk_1` FOREIGN KEY (`id_socio`) REFERENCES `socios` (`id_socio`),
  CONSTRAINT `historial_operaciones_ibfk_2` FOREIGN KEY (`id_sesion`) REFERENCES `sesiones_mensuales` (`id_sesion`),
  CONSTRAINT `historial_operaciones_ibfk_3` FOREIGN KEY (`id_usuario_registra`) REFERENCES `usuarios` (`id_usuario`)
) ENGINE=InnoDB DEFAULT CHARSET=utf8mb4 COLLATE=utf8mb4_unicode_ci COMMENT='Historial inmodificable de operaciones financieras ÔÇö solo inserci+¦n, sin DELETE/UPDATE';
/*!40101 SET character_set_client = @saved_cs_client */;

--
-- Dumping data for table `historial_operaciones`
--

LOCK TABLES `historial_operaciones` WRITE;
/*!40000 ALTER TABLE `historial_operaciones` DISABLE KEYS */;
/*!40000 ALTER TABLE `historial_operaciones` ENABLE KEYS */;
UNLOCK TABLES;

--
-- Table structure for table `inversiones`
--

DROP TABLE IF EXISTS `inversiones`;
/*!40101 SET @saved_cs_client     = @@character_set_client */;
/*!50503 SET character_set_client = utf8mb4 */;
CREATE TABLE `inversiones` (
  `id_inversion` char(36) CHARACTER SET utf8mb4 COLLATE utf8mb4_unicode_ci NOT NULL COMMENT 'Identificador +¦nico de la inversi+¦n (UUID)',
  `id_socio` char(36) CHARACTER SET utf8mb4 COLLATE utf8mb4_unicode_ci NOT NULL COMMENT 'FK al socio inversionista',
  `id_producto` char(36) CHARACTER SET utf8mb4 COLLATE utf8mb4_unicode_ci NOT NULL COMMENT 'FK al producto de inversi+¦n',
  `monto` decimal(12,2) NOT NULL COMMENT 'Monto invertido',
  `plazo_meses` int NOT NULL COMMENT 'Plazo de la inversi+¦n en meses',
  `tasa_interes` decimal(5,2) NOT NULL COMMENT 'Tasa de inter+®s anual aplicada',
  `fecha_inicio` date NOT NULL COMMENT 'Fecha de inicio de la inversi+¦n',
  `fecha_vencimiento` date NOT NULL COMMENT 'Fecha de vencimiento',
  `rendimiento_proyectado` decimal(12,2) DEFAULT NULL COMMENT 'Rendimiento proyectado al vencimiento',
  `destino_final` enum('capital_inversion','efectivo','transferencia') CHARACTER SET utf8mb4 COLLATE utf8mb4_unicode_ci NOT NULL DEFAULT 'capital_inversion',
  `estado` enum('pendiente','activa','vencida','retiro_anticipado','cancelada','rechazada') CHARACTER SET utf8mb4 COLLATE utf8mb4_unicode_ci NOT NULL DEFAULT 'pendiente',
  `notificado_devolucion` tinyint(1) DEFAULT '0' COMMENT 'Indica si se notific+¦ la pr+¦xima devoluci+¦n',
  `contrato_pdf` varchar(255) CHARACTER SET utf8mb4 COLLATE utf8mb4_unicode_ci DEFAULT NULL COMMENT 'Archivo PDF del contrato de inversi+¦n',
  `fecha_registro` datetime DEFAULT CURRENT_TIMESTAMP COMMENT 'Fecha de registro de la inversi+¦n',
  PRIMARY KEY (`id_inversion`),
  KEY `id_producto` (`id_producto`),
  KEY `idx_inversiones_estado` (`estado`),
  KEY `idx_inversiones_socio` (`id_socio`),
  CONSTRAINT `inversiones_ibfk_1` FOREIGN KEY (`id_socio`) REFERENCES `socios` (`id_socio`),
  CONSTRAINT `inversiones_ibfk_2` FOREIGN KEY (`id_producto`) REFERENCES `productos_financieros` (`id_producto`)
) ENGINE=InnoDB DEFAULT CHARSET=utf8mb4 COLLATE=utf8mb4_unicode_ci COMMENT='Inversiones a plazo fijo de los socios ÔÇö capital separado de cuenta de ahorro';
/*!40101 SET character_set_client = @saved_cs_client */;

--
-- Dumping data for table `inversiones`
--

LOCK TABLES `inversiones` WRITE;
/*!40000 ALTER TABLE `inversiones` DISABLE KEYS */;
/*!40000 ALTER TABLE `inversiones` ENABLE KEYS */;
UNLOCK TABLES;

--
-- Table structure for table `multas`
--

DROP TABLE IF EXISTS `multas`;
/*!40101 SET @saved_cs_client     = @@character_set_client */;
/*!50503 SET character_set_client = utf8mb4 */;
CREATE TABLE `multas` (
  `id_multa` char(36) CHARACTER SET utf8mb4 COLLATE utf8mb4_unicode_ci NOT NULL COMMENT 'Identificador +¦nico de la multa (UUID)',
  `id_socio` char(36) CHARACTER SET utf8mb4 COLLATE utf8mb4_unicode_ci NOT NULL COMMENT 'FK al socio multado',
  `id_sesion` char(36) CHARACTER SET utf8mb4 COLLATE utf8mb4_unicode_ci NOT NULL COMMENT 'FK a la sesi+¦n donde se gener+¦ la multa',
  `tipo` enum('retraso_10min','retraso_30min','inasistencia','mora_credito','cuota_impaga','otro') COLLATE utf8mb4_unicode_ci NOT NULL DEFAULT 'otro',
  `monto` decimal(10,2) NOT NULL COMMENT 'Monto de la multa en USD',
  `justificacion` text CHARACTER SET utf8mb4 COLLATE utf8mb4_unicode_ci COMMENT 'Justificaci+¦n presentada por el socio',
  `justificacion_aprobada` tinyint(1) DEFAULT '0' COMMENT 'Indica si la justificaci+¦n fue aprobada',
  `justificacion_pdf` varchar(255) CHARACTER SET utf8mb4 COLLATE utf8mb4_unicode_ci DEFAULT NULL COMMENT 'Archivo PDF de la justificaci+¦n',
  `observacion` text COLLATE utf8mb4_unicode_ci,
  `pagada` tinyint(1) DEFAULT '0' COMMENT 'Indica si la multa fue pagada',
  `estado` enum('activa','en_impugnacion','impugnada','anulada') COLLATE utf8mb4_unicode_ci NOT NULL DEFAULT 'activa',
  `fecha_pago` datetime DEFAULT NULL COMMENT 'Fecha de pago de la multa',
  `id_cobro` char(36) CHARACTER SET utf8mb4 COLLATE utf8mb4_unicode_ci DEFAULT NULL COMMENT 'FK al cobro cuando la multa es pagada',
  `fecha_generacion` datetime DEFAULT CURRENT_TIMESTAMP COMMENT 'Fecha de generaci+¦n de la multa',
  PRIMARY KEY (`id_multa`),
  KEY `id_sesi+¦n` (`id_sesion`),
  KEY `id_cobro` (`id_cobro`),
  KEY `idx_multas_socio` (`id_socio`),
  KEY `idx_multas_pagada` (`pagada`),
  CONSTRAINT `multas_ibfk_1` FOREIGN KEY (`id_socio`) REFERENCES `socios` (`id_socio`),
  CONSTRAINT `multas_ibfk_2` FOREIGN KEY (`id_sesion`) REFERENCES `sesiones_mensuales` (`id_sesion`),
  CONSTRAINT `multas_ibfk_3` FOREIGN KEY (`id_cobro`) REFERENCES `cobros` (`id_cobro`)
) ENGINE=InnoDB DEFAULT CHARSET=utf8mb4 COLLATE=utf8mb4_unicode_ci COMMENT='Multas generadas por inasistencia, retraso o mora ÔÇö base legal Art.11 Estatuto';
/*!40101 SET character_set_client = @saved_cs_client */;

--
-- Dumping data for table `multas`
--

LOCK TABLES `multas` WRITE;
/*!40000 ALTER TABLE `multas` DISABLE KEYS */;
/*!40000 ALTER TABLE `multas` ENABLE KEYS */;
UNLOCK TABLES;

--
-- Table structure for table `notificaciones`
--

DROP TABLE IF EXISTS `notificaciones`;
/*!40101 SET @saved_cs_client     = @@character_set_client */;
/*!50503 SET character_set_client = utf8mb4 */;
CREATE TABLE `notificaciones` (
  `id_notificacion` char(36) CHARACTER SET utf8mb4 COLLATE utf8mb4_unicode_ci NOT NULL COMMENT 'Identificador +¦nico de la notificaci+¦n (UUID)',
  `id_usuario` char(36) CHARACTER SET utf8mb4 COLLATE utf8mb4_unicode_ci DEFAULT NULL COMMENT 'FK al usuario destinatario (si es administrativo)',
  `id_socio` char(36) CHARACTER SET utf8mb4 COLLATE utf8mb4_unicode_ci DEFAULT NULL COMMENT 'FK al socio destinatario (si es socio)',
  `tipo` varchar(50) CHARACTER SET utf8mb4 COLLATE utf8mb4_unicode_ci NOT NULL COMMENT 'Tipo de notificaci+¦n (ej: cobro, cr+®dito, multa)',
  `titulo` varchar(200) CHARACTER SET utf8mb4 COLLATE utf8mb4_unicode_ci NOT NULL COMMENT 'T+ˇtulo de la notificaci+¦n',
  `mensaje` text CHARACTER SET utf8mb4 COLLATE utf8mb4_unicode_ci NOT NULL COMMENT 'Cuerpo del mensaje',
  `leida` tinyint(1) DEFAULT '0' COMMENT 'Indica si el destinatario ley+¦ la notificaci+¦n',
  `buzon` enum('entrada','archivadas','papelera') CHARACTER SET utf8mb4 COLLATE utf8mb4_unicode_ci DEFAULT 'entrada' COMMENT 'Buzon donde se encuentra la notificacion',
  `enviada_pusher` tinyint(1) DEFAULT '0' COMMENT 'Indica si ya se envi+¦ por Pusher',
  `fecha_creacion` datetime DEFAULT CURRENT_TIMESTAMP COMMENT 'Fecha de creaci+¦n de la notificaci+¦n',
  `fecha_lectura` datetime DEFAULT NULL COMMENT 'Fecha en que se ley+¦ la notificaci+¦n',
  `fecha_eliminacion` datetime DEFAULT NULL COMMENT 'Fecha de eliminacion (movida a papelera)',
  PRIMARY KEY (`id_notificacion`),
  KEY `idx_notificaciones_usuario` (`id_usuario`),
  KEY `idx_notificaciones_socio` (`id_socio`),
  KEY `idx_notificaciones_le+ˇda` (`leida`),
  CONSTRAINT `notificaciones_ibfk_1` FOREIGN KEY (`id_usuario`) REFERENCES `usuarios` (`id_usuario`),
  CONSTRAINT `notificaciones_ibfk_2` FOREIGN KEY (`id_socio`) REFERENCES `socios` (`id_socio`)
) ENGINE=InnoDB DEFAULT CHARSET=utf8mb4 COLLATE=utf8mb4_unicode_ci COMMENT='Buz+¦n de notificaciones persistido en BD + env+ˇo en tiempo real por Pusher';
/*!40101 SET character_set_client = @saved_cs_client */;

--
-- Dumping data for table `notificaciones`
--

LOCK TABLES `notificaciones` WRITE;
/*!40000 ALTER TABLE `notificaciones` DISABLE KEYS */;
/*!40000 ALTER TABLE `notificaciones` ENABLE KEYS */;
UNLOCK TABLES;

--
-- Table structure for table `obligaciones_sesion`
--

DROP TABLE IF EXISTS `obligaciones_sesion`;
/*!40101 SET @saved_cs_client     = @@character_set_client */;
/*!50503 SET character_set_client = utf8mb4 */;
CREATE TABLE `obligaciones_sesion` (
  `id_obligacion` char(36) CHARACTER SET utf8mb4 COLLATE utf8mb4_unicode_ci NOT NULL COMMENT 'Identificador unico de la obligacion (UUID)',
  `id_sesion` char(36) CHARACTER SET utf8mb4 COLLATE utf8mb4_unicode_ci NOT NULL COMMENT 'FK a la sesion donde se genero',
  `id_socio` char(36) CHARACTER SET utf8mb4 COLLATE utf8mb4_unicode_ci NOT NULL COMMENT 'FK al socio',
  `tipo` enum('cuota_mensual','cuota_credito','multa','otro') CHARACTER SET utf8mb4 COLLATE utf8mb4_unicode_ci NOT NULL COMMENT 'Tipo de obligacion',
  `concepto` varchar(255) CHARACTER SET utf8mb4 COLLATE utf8mb4_unicode_ci NOT NULL COMMENT 'Descripcion detallada de la obligacion',
  `monto` decimal(12,2) NOT NULL COMMENT 'Monto a pagar',
  `id_referencia` char(36) CHARACTER SET utf8mb4 COLLATE utf8mb4_unicode_ci DEFAULT NULL COMMENT 'FK a amortizacion, multa, etc',
  `pagada` tinyint(1) DEFAULT '0' COMMENT 'Indica si ya fue pagada',
  `id_cobro` char(36) CHARACTER SET utf8mb4 COLLATE utf8mb4_unicode_ci DEFAULT NULL COMMENT 'FK al cobro cuando se paga',
  `fecha_registro` datetime DEFAULT CURRENT_TIMESTAMP COMMENT 'Fecha de creacion',
  PRIMARY KEY (`id_obligacion`),
  UNIQUE KEY `uk_sesion_socio_tipo_ref` (`id_sesion`,`id_socio`,`tipo`,`id_referencia`),
  KEY `id_sesion` (`id_sesion`),
  KEY `id_socio` (`id_socio`),
  CONSTRAINT `obligaciones_sesion_ibfk_1` FOREIGN KEY (`id_sesion`) REFERENCES `sesiones_mensuales` (`id_sesion`),
  CONSTRAINT `obligaciones_sesion_ibfk_2` FOREIGN KEY (`id_socio`) REFERENCES `socios` (`id_socio`)
) ENGINE=InnoDB DEFAULT CHARSET=utf8mb4 COLLATE=utf8mb4_unicode_ci COMMENT='Obligaciones de pago generadas al abrir una sesion - calculadas segun fecha de reunion';
/*!40101 SET character_set_client = @saved_cs_client */;

--
-- Dumping data for table `obligaciones_sesion`
--

LOCK TABLES `obligaciones_sesion` WRITE;
/*!40000 ALTER TABLE `obligaciones_sesion` DISABLE KEYS */;
/*!40000 ALTER TABLE `obligaciones_sesion` ENABLE KEYS */;
UNLOCK TABLES;

--
-- Table structure for table `parametros`
--

DROP TABLE IF EXISTS `parametros`;
/*!40101 SET @saved_cs_client     = @@character_set_client */;
/*!50503 SET character_set_client = utf8mb4 */;
CREATE TABLE `parametros` (
  `id_parametro` int NOT NULL AUTO_INCREMENT COMMENT 'Identificador num+®rico del par+ímetro',
  `codigo` varchar(50) CHARACTER SET utf8mb4 COLLATE utf8mb4_unicode_ci NOT NULL COMMENT 'C+¦digo +¦nico del par+ímetro (ej: tasa_inter+®s_cr+®dito)',
  `nombre` varchar(100) CHARACTER SET utf8mb4 COLLATE utf8mb4_unicode_ci NOT NULL COMMENT 'Nombre descriptivo del par+ímetro',
  `valor` varchar(255) CHARACTER SET utf8mb4 COLLATE utf8mb4_unicode_ci NOT NULL COMMENT 'Valor del par+ímetro',
  `tipo` enum('texto','numero','decimal','booleano','color') CHARACTER SET utf8mb4 COLLATE utf8mb4_unicode_ci DEFAULT 'texto' COMMENT 'Tipo de dato del valor',
  `modulo` enum('general','financiero','seguridad','imagen') CHARACTER SET utf8mb4 COLLATE utf8mb4_unicode_ci DEFAULT 'general' COMMENT 'M+¦dulo al que pertenece el par+ímetro',
  `editable` tinyint(1) DEFAULT '1' COMMENT 'Indica si el par+ímetro puede ser editado desde el panel',
  PRIMARY KEY (`id_parametro`),
  UNIQUE KEY `c+¦digo` (`codigo`)
) ENGINE=InnoDB AUTO_INCREMENT=22 DEFAULT CHARSET=utf8mb4 COLLATE=utf8mb4_unicode_ci COMMENT='Par+ímetros configurables del sistema';
/*!40101 SET character_set_client = @saved_cs_client */;

--
-- Dumping data for table `parametros`
--

LOCK TABLES `parametros` WRITE;
/*!40000 ALTER TABLE `parametros` DISABLE KEYS */;
INSERT INTO `parametros` VALUES (1,'tasa_inter+®s_cr+®dito','Tasa de inter+®s para cr+®ditos','6.00','decimal','financiero',1),(2,'m+®todo_inter+®s_default','M+®todo de inter+®s por defecto','simple','texto','financiero',1),(3,'tasa_inter+®s_ahorro','Tasa de inter+®s sobre ahorros','0.00','decimal','financiero',1),(4,'tasa_inter+®s_inversi+¦n','Tasa de inter+®s para inversiones','6.00','decimal','financiero',1),(5,'aporte_obligatorio_mensual','Aporte obligatorio mensual','10.00','decimal','financiero',1),(6,'cuota_ingreso','Cuota +¦nica de ingreso','20.00','decimal','financiero',1),(7,'multa_retraso_10min','Multa retraso 10-30 minutos','1.00','decimal','financiero',1),(8,'multa_retraso_30min','Multa retraso >=30 minutos','5.00','decimal','financiero',1),(9,'multa_inasistencia','Multa por inasistencia','5.00','decimal','financiero',1),(10,'multa_mora_cr+®dito','Multa por mora de cr+®dito','5.00','decimal','financiero',1),(11,'l+ˇmite_cr+®dito_emergente','L+ˇmite cr+®dito emergente','300.00','decimal','financiero',1),(12,'plazo_m+ˇnimo_inversi+¦n','Plazo m+ˇnimo inversi+¦n (meses)','6','numero','financiero',1),(13,'intentos_m+íx_login','Intentos m+íximo de login','3','numero','seguridad',1),(14,'bloqueo_minutos','Minutos de bloqueo','15','numero','seguridad',1),(15,'session_timeout_minutos','Timeout de sesi+¦n (minutos)','30','numero','seguridad',1),(16,'pin_2fa_d+ˇgitos','D+ˇgitos del PIN 2FA','6','numero','seguridad',1),(17,'pin_2fa_expiracion_min','Expiraci+¦n PIN 2FA (minutos)','5','numero','seguridad',1),(18,'m+íx_reenv+ˇo_pin_hora','M+íximo reenv+ˇos PIN por hora','3','numero','seguridad',1),(19,'logo_sidebar','Logo del sidebar','ca62b9e0-de01-42cc-9bb6-0826f49dce00','texto','imagen',1),(20,'logo_sd','Logo sin fondo','d9433f2e-ffa1-48c9-bf86-b338e6796ff2','texto','imagen',1),(21,'multa_cuota_impaga','Multa por cuota mensual impaga','5.00','decimal','financiero',1);
/*!40000 ALTER TABLE `parametros` ENABLE KEYS */;
UNLOCK TABLES;

--
-- Table structure for table `permisos`
--

DROP TABLE IF EXISTS `permisos`;
/*!40101 SET @saved_cs_client     = @@character_set_client */;
/*!50503 SET character_set_client = utf8mb4 */;
CREATE TABLE `permisos` (
  `id_permiso` int NOT NULL AUTO_INCREMENT COMMENT 'Identificador num+®rico del permiso',
  `codigo` varchar(100) CHARACTER SET utf8mb4 COLLATE utf8mb4_unicode_ci NOT NULL COMMENT 'C+¦digo +¦nico del permiso (ej: socio.registrar)',
  `nombre` varchar(100) CHARACTER SET utf8mb4 COLLATE utf8mb4_unicode_ci NOT NULL COMMENT 'Nombre descriptivo del permiso',
  `descripcion` varchar(255) CHARACTER SET utf8mb4 COLLATE utf8mb4_unicode_ci DEFAULT NULL COMMENT 'Descripci+¦n detallada del alcance del permiso',
  `modulo` varchar(50) CHARACTER SET utf8mb4 COLLATE utf8mb4_unicode_ci DEFAULT '' COMMENT 'Modulo/categoria para agrupar permisos',
  PRIMARY KEY (`id_permiso`),
  UNIQUE KEY `c+¦digo` (`codigo`)
) ENGINE=InnoDB AUTO_INCREMENT=36 DEFAULT CHARSET=utf8mb4 COLLATE=utf8mb4_unicode_ci COMMENT='Cat+ílogo de permisos disponibles en el sistema';
/*!40101 SET character_set_client = @saved_cs_client */;

--
-- Dumping data for table `permisos`
--

LOCK TABLES `permisos` WRITE;
/*!40000 ALTER TABLE `permisos` DISABLE KEYS */;
INSERT INTO `permisos` VALUES (1,'auth.login','Ingresar al sistema','Permite iniciar sesi+¦n en el sistema','Autenticacion'),(2,'auth.ver_2fa','Acceder con 2FA','Permite acceder con autenticaci+¦n de dos factores','Autenticacion'),(3,'socio.registrar','Registrar nuevo socio','Permite registrar un nuevo socio en el sistema','Socios'),(4,'socio.editar','Editar datos de socio','Permite modificar los datos de un socio existente','Socios'),(5,'socio.cambiar_estado','Cambiar estado del socio','Permite cambiar el estado de un socio en su ciclo de vida','Socios'),(6,'socio.consultar','Consultar lista de socios','Permite consultar el listado de socios registrados','Socios'),(7,'socio.ver_financiero','Ver datos financieros del socio','Permite visualizar la informaci+¦n financiera del socio','Socios'),(8,'param.usuarios','Gestionar usuarios del sistema','CRUD completo de usuarios del sistema','Parametros del Sistema'),(9,'param.roles','Gestionar roles y permisos','Crear, editar y eliminar roles con permisos personalizados','Parametros del Sistema'),(10,'param.imagen','Configurar imagen corporativa','Gestionar logo, colores, membrete y raz+¦n social','Parametros del Sistema'),(11,'param.catalogos','Editar cat+ílogos','Gestionar provincias, cantones y entidades p+¦blicas','Parametros del Sistema'),(12,'param.financiero','Configurar par+ímetros financieros','Configurar tasas, montos, plazos y m+®todos de inter+®s','Parametros del Sistema'),(13,'producto.crear','Crear productos financieros','Crear nuevos productos de cr+®dito e inversi+¦n','Productos Financieros'),(14,'producto.editar','Editar productos','Modificar productos financieros existentes','Productos Financieros'),(15,'producto.activar','Activar/desactivar productos','Activar o desactivar productos financieros','Productos Financieros'),(16,'cobro.aporte','Registrar cobro de aporte','Registrar cobro de aporte obligatorio y voluntario','Cobros'),(17,'cobro.cuota_credito','Registrar cobro de cuota de cr+®dito','Registrar cobro de cuotas de cr+®dito','Cobros'),(18,'cobro.multa','Registrar cobro de multa','Registrar cobro de multas generadas','Cobros'),(19,'cobro.inversion','Registrar inversi+¦n voluntaria','Registrar apertura de inversi+¦n a plazo fijo','Cobros'),(20,'cobro.desembolso','Realizar desembolso de cr+®dito','Ejecutar el desembolso de un cr+®dito aprobado','Cobros'),(21,'cobro.anular','Anular cobro registrado','Anular un cobro previamente registrado','Cobros'),(22,'cobro.cierre_sesion','Ejecutar cierre de sesi+¦n mensual','Cerrar la sesi+¦n mensual con generaci+¦n de acta','Cobros'),(23,'calculo.intereses','Ejecutar c+ílculo de intereses','Calcular intereses de cr+®ditos, ahorros e inversiones','Calculos Financieros'),(24,'calculo.excedentes','Calcular distribuci+¦n de excedentes','Calcular la distribuci+¦n de excedentes entre los socios','Calculos Financieros'),(25,'calculo.aprobar_excedentes','Aprobar distribuci+¦n de excedentes','Aprobar la distribuci+¦n de excedentes calculada','Calculos Financieros'),(26,'reporte.socios','Generar reportes de socios','Generar reportes del m+¦dulo de socios','Reportes'),(27,'reporte.financiero','Generar reportes financieros','Generar reportes del m+¦dulo financiero','Reportes'),(28,'reporte.cobros','Generar reportes de cobros','Generar reportes del m+¦dulo de cobros','Reportes'),(29,'credito.aprobar','Aprobar/rechazar creditos','Permite aprobar o rechazar solicitudes de credito en la bandeja de aprobacion','Creditos'),(30,'notificacion.configurar','Configurar reglas de notificacion','Gestionar las reglas de notificacion del sistema (canal y destinatarios)','Notificaciones'),(32,'multa.impugnar','Impugnar multas','Permite autorizar la impugnacion de multas presentadas por los socios','Multas'),(33,'multa.autorizar_impugnacion','Autorizar impugnacion','Permite autorizar o rechazar impugnaciones de multas presentadas por los socios','Multas'),(34,'inversion.aprobar','Aprobar/rechazar inversiones','Permite aprobar o rechazar solicitudes de inversion en la bandeja de aprobacion','Inversiones'),(35,'socio.eliminar','Eliminar socio','Permite eliminar un socio del sistema de forma permanente','Socios');
/*!40000 ALTER TABLE `permisos` ENABLE KEYS */;
UNLOCK TABLES;

--
-- Table structure for table `productos_financieros`
--

DROP TABLE IF EXISTS `productos_financieros`;
/*!40101 SET @saved_cs_client     = @@character_set_client */;
/*!50503 SET character_set_client = utf8mb4 */;
CREATE TABLE `productos_financieros` (
  `id_producto` char(36) CHARACTER SET utf8mb4 COLLATE utf8mb4_unicode_ci NOT NULL COMMENT 'Identificador +¦nico del producto financiero (UUID)',
  `nombre` varchar(100) CHARACTER SET utf8mb4 COLLATE utf8mb4_unicode_ci NOT NULL COMMENT 'Nombre del producto (ej: Cr+®dito Ordinario, Inversi+¦n 6 Meses)',
  `tipo` enum('credito','inversion') CHARACTER SET utf8mb4 COLLATE utf8mb4_unicode_ci DEFAULT NULL,
  `tasa_interes_anual` decimal(5,2) NOT NULL DEFAULT '6.00' COMMENT 'Tasa de inter+®s anual en porcentaje',
  `metodo_interes` enum('simple','frances','aleman') CHARACTER SET utf8mb4 COLLATE utf8mb4_unicode_ci DEFAULT 'simple' COMMENT 'Metodo de calculo de intereses',
  `plazo_min_meses` int NOT NULL COMMENT 'Plazo m+ˇnimo en meses',
  `plazo_max_meses` int NOT NULL COMMENT 'Plazo m+íximo en meses',
  `monto_min` decimal(10,2) NOT NULL COMMENT 'Monto m+ˇnimo del producto',
  `monto_max` decimal(10,2) NOT NULL COMMENT 'Monto m+íximo del producto',
  `requiere_garante` tinyint(1) DEFAULT '0' COMMENT 'Indica si el producto requiere garante',
  `penalidad_retiro_anticipado` decimal(5,2) DEFAULT '0.00' COMMENT 'Penalidad por retiro anticipado (%)',
  `activo` tinyint(1) DEFAULT '1' COMMENT 'Indica si el producto est+í activo para nuevas solicitudes',
  `fecha_creacion` datetime DEFAULT CURRENT_TIMESTAMP COMMENT 'Fecha de creaci+¦n del producto',
  `condiciones_html` text CHARACTER SET utf8mb4 COLLATE utf8mb4_unicode_ci COMMENT 'Condiciones generales del credito en HTML (WYSIWYG)',
  `min_permanencia_meses` int DEFAULT '0' COMMENT 'Minimo de permanencia como socio activo (meses)',
  `min_ahorro` decimal(10,2) DEFAULT '0.00' COMMENT 'Minimo de ahorro acumulado requerido',
  `es_emergente` tinyint(1) DEFAULT '0' COMMENT 'Si es credito emergente (no requiere sesion de aprobacion)',
  `monto_max_emergente` decimal(10,2) DEFAULT '0.00' COMMENT 'Monto maximo para credito emergente',
  `requiere_documento_firmado` tinyint(1) DEFAULT '1' COMMENT 'Si requiere documento firmado escaneado antes del desembolso',
  `dias_gracia` int DEFAULT '0' COMMENT 'Dias de gracia antes de primera cuota',
  `min_ahorro_unidad` varchar(20) CHARACTER SET utf8mb4 COLLATE utf8mb4_unicode_ci DEFAULT 'dolares' COMMENT 'Unidad del monto minimo de ahorro: dolares o porcentaje',
  `min_destino_caracteres` int DEFAULT '0' COMMENT 'Minimo de caracteres para destino del credito',
  `min_permanencia_valor` int DEFAULT '0' COMMENT 'Valor minimo de permanencia',
  `min_permanencia_unidad` varchar(10) CHARACTER SET utf8mb4 COLLATE utf8mb4_unicode_ci DEFAULT 'meses' COMMENT 'Unidad de permanencia: dias, meses, anios',
  PRIMARY KEY (`id_producto`),
  KEY `idx_productos_tipo` (`tipo`),
  KEY `idx_productos_activo` (`activo`)
) ENGINE=InnoDB DEFAULT CHARSET=utf8mb4 COLLATE=utf8mb4_unicode_ci COMMENT='Cat+ílogo de productos financieros parametrizables por el Analista Financiero';
/*!40101 SET character_set_client = @saved_cs_client */;

--
-- Dumping data for table `productos_financieros`
--

LOCK TABLES `productos_financieros` WRITE;
/*!40000 ALTER TABLE `productos_financieros` DISABLE KEYS */;
INSERT INTO `productos_financieros` VALUES ('2e4c5dbd-afa8-424e-9367-6687ad3c4490','Inversi+¦n ordinaria','inversion',6.00,'simple',3,12,500.00,10000.00,0,5.00,1,'2026-06-20 15:42:04','<p>Condiciones de Inversi+¦n</p><p>Estas son condiciones de inversi+¦n.</p><p>-Saludos</p>',0,0.00,0,0.00,1,0,'dolares',0,0,'meses'),('c3dd23b3-5eff-45f3-97c6-8343c340bfcc','Cr+®dito Ordinario','credito',6.00,'simple',1,12,1.00,10000.00,0,0.00,1,'2026-06-07 18:03:07','<p>Condiciones del cr+®dito</p><p>Estas son las condiciones que debe aceptar el socio para acceder al cr+®dito.</p><p>-La Directiva</p>',0,20.00,0,0.00,0,0,'dolares',10,0,'meses');
/*!40000 ALTER TABLE `productos_financieros` ENABLE KEYS */;
UNLOCK TABLES;

--
-- Table structure for table `provincias`
--

DROP TABLE IF EXISTS `provincias`;
/*!40101 SET @saved_cs_client     = @@character_set_client */;
/*!50503 SET character_set_client = utf8mb4 */;
CREATE TABLE `provincias` (
  `id_provincia` int NOT NULL AUTO_INCREMENT COMMENT 'Identificador num+®rico de la provincia',
  `nombre` varchar(100) CHARACTER SET utf8mb4 COLLATE utf8mb4_unicode_ci NOT NULL COMMENT 'Nombre de la provincia',
  PRIMARY KEY (`id_provincia`)
) ENGINE=InnoDB AUTO_INCREMENT=2 DEFAULT CHARSET=utf8mb4 COLLATE=utf8mb4_unicode_ci COMMENT='Cat+ílogo de provincias del Ecuador';
/*!40101 SET character_set_client = @saved_cs_client */;

--
-- Dumping data for table `provincias`
--

LOCK TABLES `provincias` WRITE;
/*!40000 ALTER TABLE `provincias` DISABLE KEYS */;
INSERT INTO `provincias` VALUES (1,'Pichincha');
/*!40000 ALTER TABLE `provincias` ENABLE KEYS */;
UNLOCK TABLES;

--
-- Table structure for table `reglas_notificacion`
--

DROP TABLE IF EXISTS `reglas_notificacion`;
/*!40101 SET @saved_cs_client     = @@character_set_client */;
/*!50503 SET character_set_client = utf8mb4 */;
CREATE TABLE `reglas_notificacion` (
  `id_regla` int NOT NULL AUTO_INCREMENT,
  `codigo` varchar(50) CHARACTER SET utf8mb4 COLLATE utf8mb4_unicode_ci NOT NULL,
  `nombre` varchar(100) CHARACTER SET utf8mb4 COLLATE utf8mb4_unicode_ci NOT NULL,
  `tipo_evento` varchar(50) CHARACTER SET utf8mb4 COLLATE utf8mb4_unicode_ci NOT NULL,
  `titulo_evento` varchar(200) CHARACTER SET utf8mb4 COLLATE utf8mb4_unicode_ci DEFAULT NULL,
  `canal` varchar(20) CHARACTER SET utf8mb4 COLLATE utf8mb4_unicode_ci NOT NULL DEFAULT 'push',
  `para_todos` tinyint(1) DEFAULT '0',
  `activo` tinyint(1) DEFAULT '1',
  PRIMARY KEY (`id_regla`),
  UNIQUE KEY `codigo` (`codigo`),
  KEY `idx_reglas_evento` (`tipo_evento`,`activo`)
) ENGINE=InnoDB AUTO_INCREMENT=16 DEFAULT CHARSET=utf8mb4 COLLATE=utf8mb4_unicode_ci;
/*!40101 SET character_set_client = @saved_cs_client */;

--
-- Dumping data for table `reglas_notificacion`
--

LOCK TABLES `reglas_notificacion` WRITE;
/*!40000 ALTER TABLE `reglas_notificacion` DISABLE KEYS */;
INSERT INTO `reglas_notificacion` VALUES (1,'solicitud_credito','Solicitud de credito','credito','Nueva solicitud de credito','push',0,1),(2,'credito_aprobado','Credito aprobado','credito','Credito aprobado','push',0,1),(3,'credito_rechazado','Credito rechazado','credito','Credito rechazado','push',0,1),(4,'credito_desembolsado','Credito desembolsado','credito','Credito desembolsado','push',0,1),(5,'credito_mora','Credito en mora','credito',NULL,'ambos',1,1),(6,'solicitud_retiro','Solicitud de retiro','cobro','Solicitud de retiro','push',0,1),(7,'sesion_cerrada','Sesion cerrada','sesion','Sesion cerrada','ambos',1,1);
/*!40000 ALTER TABLE `reglas_notificacion` ENABLE KEYS */;
UNLOCK TABLES;

--
-- Table structure for table `reglas_notificacion_destinatarios`
--

DROP TABLE IF EXISTS `reglas_notificacion_destinatarios`;
/*!40101 SET @saved_cs_client     = @@character_set_client */;
/*!50503 SET character_set_client = utf8mb4 */;
CREATE TABLE `reglas_notificacion_destinatarios` (
  `id_regla` int NOT NULL,
  `id_rol` int NOT NULL,
  PRIMARY KEY (`id_regla`,`id_rol`),
  KEY `id_rol` (`id_rol`),
  CONSTRAINT `reglas_notificacion_destinatarios_ibfk_1` FOREIGN KEY (`id_regla`) REFERENCES `reglas_notificacion` (`id_regla`) ON DELETE CASCADE,
  CONSTRAINT `reglas_notificacion_destinatarios_ibfk_2` FOREIGN KEY (`id_rol`) REFERENCES `roles` (`id_rol`)
) ENGINE=InnoDB DEFAULT CHARSET=utf8mb4 COLLATE=utf8mb4_unicode_ci;
/*!40101 SET character_set_client = @saved_cs_client */;

--
-- Dumping data for table `reglas_notificacion_destinatarios`
--

LOCK TABLES `reglas_notificacion_destinatarios` WRITE;
/*!40000 ALTER TABLE `reglas_notificacion_destinatarios` DISABLE KEYS */;
INSERT INTO `reglas_notificacion_destinatarios` VALUES (1,2),(6,2),(2,4),(6,4);
/*!40000 ALTER TABLE `reglas_notificacion_destinatarios` ENABLE KEYS */;
UNLOCK TABLES;

--
-- Table structure for table `roles`
--

DROP TABLE IF EXISTS `roles`;
/*!40101 SET @saved_cs_client     = @@character_set_client */;
/*!50503 SET character_set_client = utf8mb4 */;
CREATE TABLE `roles` (
  `id_rol` int NOT NULL AUTO_INCREMENT COMMENT 'Identificador num+®rico del rol',
  `nombre` varchar(50) CHARACTER SET utf8mb4 COLLATE utf8mb4_unicode_ci NOT NULL COMMENT 'Nombre personalizable del rol (ej: Presidente, Tesorero)',
  `descripcion` varchar(255) CHARACTER SET utf8mb4 COLLATE utf8mb4_unicode_ci DEFAULT NULL COMMENT 'Descripci+¦n de las funciones del rol',
  `endosable` tinyint(1) DEFAULT '0' COMMENT 'Si es TRUE, este rol puede acumular permisos de otros roles',
  PRIMARY KEY (`id_rol`),
  UNIQUE KEY `nombre` (`nombre`)
) ENGINE=InnoDB AUTO_INCREMENT=9 DEFAULT CHARSET=utf8mb4 COLLATE=utf8mb4_unicode_ci COMMENT='Roles del sistema ÔÇö 100% personalizables desde el panel de administraci+¦n';
/*!40101 SET character_set_client = @saved_cs_client */;

--
-- Dumping data for table `roles`
--

LOCK TABLES `roles` WRITE;
/*!40000 ALTER TABLE `roles` DISABLE KEYS */;
INSERT INTO `roles` VALUES (1,'Administrador T+®cnico','Gobierna usuarios, roles, permisos e imagen corporativa. Sin acceso financiero',0),(2,'Presidente','Representante legal, convocatorias, supervisi+¦n, firma de certificados',0),(3,'Analista Financiero','Configura productos financieros, par+ímetros, c+ílculos y distribuci+¦n de excedentes',0),(4,'Tesorero','Ejecuci+¦n financiera diaria: cobros, desembolsos, cierre de sesi+¦n',0),(5,'Asistente de Tesorer+ˇa','Apoyo en cobros de aportes, cuotas y multas',0),(6,'Socio','Acceso al portal personal: consultas, solicitudes, comprobantes',0),(7,'Secretario/a','Gesti+¦n documental, registro de socios, certificados, actas y convocatorias',0);
/*!40000 ALTER TABLE `roles` ENABLE KEYS */;
UNLOCK TABLES;

--
-- Table structure for table `roles_permisos`
--

DROP TABLE IF EXISTS `roles_permisos`;
/*!40101 SET @saved_cs_client     = @@character_set_client */;
/*!50503 SET character_set_client = utf8mb4 */;
CREATE TABLE `roles_permisos` (
  `id_rol` int NOT NULL COMMENT 'FK al ID del rol',
  `id_permiso` int NOT NULL COMMENT 'FK al ID del permiso',
  `permitir` tinyint(1) DEFAULT '1' COMMENT 'TRUE = concedido, FALSE = denegado expl+ˇcitamente',
  PRIMARY KEY (`id_rol`,`id_permiso`),
  KEY `id_permiso` (`id_permiso`),
  CONSTRAINT `roles_permisos_ibfk_1` FOREIGN KEY (`id_rol`) REFERENCES `roles` (`id_rol`) ON DELETE CASCADE,
  CONSTRAINT `roles_permisos_ibfk_2` FOREIGN KEY (`id_permiso`) REFERENCES `permisos` (`id_permiso`) ON DELETE CASCADE
) ENGINE=InnoDB DEFAULT CHARSET=utf8mb4 COLLATE=utf8mb4_unicode_ci COMMENT='Matriz de permisos asignados a cada rol (gesti+¦n por checkboxes)';
/*!40101 SET character_set_client = @saved_cs_client */;

--
-- Dumping data for table `roles_permisos`
--

LOCK TABLES `roles_permisos` WRITE;
/*!40000 ALTER TABLE `roles_permisos` DISABLE KEYS */;
INSERT INTO `roles_permisos` VALUES (1,1,1),(1,2,1),(1,3,1),(1,4,1),(1,6,1),(1,8,1),(1,9,1),(1,10,1),(1,11,1),(1,30,1),(1,35,1),(2,1,1),(2,2,1),(2,29,1),(2,30,1),(2,32,1),(2,33,1),(2,34,1),(3,1,1),(3,2,1),(3,4,1),(3,6,1),(3,7,1),(3,12,1),(3,13,1),(3,14,1),(3,15,1),(3,21,1),(3,22,1),(3,23,1),(3,24,1),(3,26,1),(3,27,1),(3,28,1),(3,30,1),(4,1,1),(4,2,1),(4,16,1),(4,17,1),(4,18,1),(4,19,1),(4,20,1),(4,21,1),(4,22,1),(4,23,1),(4,24,1),(4,25,1),(4,26,1),(4,27,1),(4,28,1),(4,29,1),(4,32,1),(4,33,1),(4,34,1),(5,1,1),(5,16,1),(5,17,1),(5,18,1),(5,19,1),(5,26,1),(5,28,1),(6,1,1),(7,1,1),(7,2,1),(7,3,1),(7,4,1),(7,5,1),(7,6,1),(7,7,1),(7,16,1),(7,21,1),(7,26,1),(7,30,1);
/*!40000 ALTER TABLE `roles_permisos` ENABLE KEYS */;
UNLOCK TABLES;

--
-- Table structure for table `roles_usuarios`
--

DROP TABLE IF EXISTS `roles_usuarios`;
/*!40101 SET @saved_cs_client     = @@character_set_client */;
/*!50503 SET character_set_client = utf8mb4 */;
CREATE TABLE `roles_usuarios` (
  `id_usuario` char(36) CHARACTER SET utf8mb4 COLLATE utf8mb4_unicode_ci NOT NULL COMMENT 'FK al UUID del usuario',
  `id_rol` int NOT NULL COMMENT 'FK al ID del rol',
  PRIMARY KEY (`id_usuario`,`id_rol`),
  KEY `id_rol` (`id_rol`),
  CONSTRAINT `roles_usuarios_ibfk_1` FOREIGN KEY (`id_usuario`) REFERENCES `usuarios` (`id_usuario`) ON DELETE CASCADE,
  CONSTRAINT `roles_usuarios_ibfk_2` FOREIGN KEY (`id_rol`) REFERENCES `roles` (`id_rol`) ON DELETE CASCADE
) ENGINE=InnoDB DEFAULT CHARSET=utf8mb4 COLLATE=utf8mb4_unicode_ci COMMENT='Asignaci+¦n de roles a usuarios (relaci+¦n muchos-a-muchos)';
/*!40101 SET character_set_client = @saved_cs_client */;

--
-- Dumping data for table `roles_usuarios`
--

LOCK TABLES `roles_usuarios` WRITE;
/*!40000 ALTER TABLE `roles_usuarios` DISABLE KEYS */;
INSERT INTO `roles_usuarios` VALUES ('ce86e169-fa0a-468d-bb04-ca7b8c7a5291',1),('ce86e169-fa0a-468d-bb04-ca7b8c7a5291',2),('ce86e169-fa0a-468d-bb04-ca7b8c7a5291',3),('516363c5-c79a-4491-83b4-b8303ce1f286',4),('ce86e169-fa0a-468d-bb04-ca7b8c7a5291',4),('516363c5-c79a-4491-83b4-b8303ce1f286',5),('ce86e169-fa0a-468d-bb04-ca7b8c7a5291',5),('1673019a-c66d-4bb8-9158-1729fa6b064a',6),('ce86e169-fa0a-468d-bb04-ca7b8c7a5291',7);
/*!40000 ALTER TABLE `roles_usuarios` ENABLE KEYS */;
UNLOCK TABLES;

--
-- Table structure for table `sesiones_mensuales`
--

DROP TABLE IF EXISTS `sesiones_mensuales`;
/*!40101 SET @saved_cs_client     = @@character_set_client */;
/*!50503 SET character_set_client = utf8mb4 */;
CREATE TABLE `sesiones_mensuales` (
  `id_sesion` char(36) CHARACTER SET utf8mb4 COLLATE utf8mb4_unicode_ci NOT NULL COMMENT 'Identificador +¦nico de la sesi+¦n mensual (UUID)',
  `numero_sesion` int NOT NULL COMMENT 'N+¦mero correlativo de la sesi+¦n mensual',
  `fecha_sesion` datetime NOT NULL,
  `titulo` varchar(100) CHARACTER SET utf8mb4 COLLATE utf8mb4_unicode_ci DEFAULT NULL COMMENT 'T+ˇtulo o nombre de la sesi+¦n',
  `tipo` enum('ordinaria','extraordinaria','informativa') COLLATE utf8mb4_unicode_ci NOT NULL DEFAULT 'ordinaria' COMMENT 'Tipo de sesion: ordinaria (max 1/mes), extraordinaria, informativa',
  `estado` enum('abierta','cerrada') CHARACTER SET utf8mb4 COLLATE utf8mb4_unicode_ci DEFAULT 'abierta' COMMENT 'Estado de la sesi+¦n: abierta (en curso) o cerrada (finalizada)',
  `fecha_apertura` datetime DEFAULT CURRENT_TIMESTAMP COMMENT 'Fecha y hora de apertura de la sesi+¦n',
  `fecha_cierre` datetime DEFAULT NULL COMMENT 'Fecha y hora de cierre de la sesi+¦n',
  `usuario_cierre` char(36) CHARACTER SET utf8mb4 COLLATE utf8mb4_unicode_ci DEFAULT NULL COMMENT 'Usuario que ejecut+¦ el cierre de sesi+¦n',
  `acta_cierre_pdf` varchar(255) CHARACTER SET utf8mb4 COLLATE utf8mb4_unicode_ci DEFAULT NULL COMMENT 'Archivo PDF del acta de cierre',
  `total_recaudado` decimal(12,2) DEFAULT '0.00' COMMENT 'Total recaudado en la sesi+¦n',
  `total_desembolsado` decimal(12,2) DEFAULT '0.00' COMMENT 'Total desembolsado en la sesi+¦n',
  `saldo_caja` decimal(12,2) DEFAULT '0.00' COMMENT 'Saldo final de caja (recaudado - desembolsado)',
  PRIMARY KEY (`id_sesion`),
  KEY `usuario_cierre` (`usuario_cierre`),
  CONSTRAINT `sesiones_mensuales_ibfk_1` FOREIGN KEY (`usuario_cierre`) REFERENCES `usuarios` (`id_usuario`)
) ENGINE=InnoDB DEFAULT CHARSET=utf8mb4 COLLATE=utf8mb4_unicode_ci COMMENT='Sesiones mensuales de cobro y check-in ÔÇö n+¦cleo operativo del sistema';
/*!40101 SET character_set_client = @saved_cs_client */;

--
-- Dumping data for table `sesiones_mensuales`
--

LOCK TABLES `sesiones_mensuales` WRITE;
/*!40000 ALTER TABLE `sesiones_mensuales` DISABLE KEYS */;
/*!40000 ALTER TABLE `sesiones_mensuales` ENABLE KEYS */;
UNLOCK TABLES;

--
-- Table structure for table `socios`
--

DROP TABLE IF EXISTS `socios`;
/*!40101 SET @saved_cs_client     = @@character_set_client */;
/*!50503 SET character_set_client = utf8mb4 */;
CREATE TABLE `socios` (
  `id_socio` char(36) CHARACTER SET utf8mb4 COLLATE utf8mb4_unicode_ci NOT NULL COMMENT 'Identificador +¦nico del socio (UUID)',
  `cedula` varchar(10) CHARACTER SET utf8mb4 COLLATE utf8mb4_unicode_ci NOT NULL COMMENT 'C+®dula de identidad ecuatoriana (10 d+ˇgitos, d+ˇgito verificador)',
  `apellido1` varchar(50) CHARACTER SET utf8mb4 COLLATE utf8mb4_unicode_ci NOT NULL COMMENT 'Primer apellido (may+¦sculas)',
  `apellido2` varchar(50) CHARACTER SET utf8mb4 COLLATE utf8mb4_unicode_ci DEFAULT NULL COMMENT 'Segundo apellido (may+¦sculas)',
  `nombre1` varchar(50) CHARACTER SET utf8mb4 COLLATE utf8mb4_unicode_ci NOT NULL COMMENT 'Primer nombre (may+¦sculas)',
  `nombre2` varchar(50) CHARACTER SET utf8mb4 COLLATE utf8mb4_unicode_ci DEFAULT NULL COMMENT 'Segundo nombre (may+¦sculas)',
  `fecha_nacimiento` date NOT NULL COMMENT 'Fecha de nacimiento',
  `genero` enum('masculino','femenino') CHARACTER SET utf8mb4 COLLATE utf8mb4_unicode_ci NOT NULL COMMENT 'G+®nero del socio',
  `estado_civil` enum('soltero','casado','divorciado','viudo','union_libre') CHARACTER SET utf8mb4 COLLATE utf8mb4_unicode_ci DEFAULT NULL,
  `direccion` varchar(200) CHARACTER SET utf8mb4 COLLATE utf8mb4_unicode_ci NOT NULL COMMENT 'Direcci+¦n de residencia',
  `telefono` varchar(15) CHARACTER SET utf8mb4 COLLATE utf8mb4_unicode_ci DEFAULT NULL COMMENT 'N+¦mero de tel+®fono fijo',
  `celular` varchar(15) CHARACTER SET utf8mb4 COLLATE utf8mb4_unicode_ci NOT NULL COMMENT 'N+¦mero de celular',
  `correo_electronico` varchar(100) CHARACTER SET utf8mb4 COLLATE utf8mb4_unicode_ci NOT NULL COMMENT 'Correo electr+¦nico (validado con PIN 6 d+ˇgitos)',
  `profesion` varchar(100) CHARACTER SET utf8mb4 COLLATE utf8mb4_unicode_ci DEFAULT NULL COMMENT 'Profesi+¦n u ocupaci+¦n',
  `foto_url` varchar(255) CHARACTER SET utf8mb4 COLLATE utf8mb4_unicode_ci DEFAULT NULL COMMENT 'URL de la fotograf+ˇa del socio',
  `documento_identidad_anverso` varchar(255) CHARACTER SET utf8mb4 COLLATE utf8mb4_unicode_ci DEFAULT NULL COMMENT 'Archivo PDF/JPG del anverso de la c+®dula',
  `documento_identidad_reverso` varchar(255) CHARACTER SET utf8mb4 COLLATE utf8mb4_unicode_ci DEFAULT NULL COMMENT 'Archivo PDF/JPG del reverso de la c+®dula',
  `estado` enum('pendiente','pre_activo','activo','suspendido','retiro_voluntario','excluido','fallecido') CHARACTER SET utf8mb4 COLLATE utf8mb4_unicode_ci DEFAULT 'pendiente' COMMENT 'Estado actual del socio en el ciclo de vida',
  `fecha_ingreso` date NOT NULL COMMENT 'Fecha de solicitud de ingreso',
  `fecha_aprobacion` date DEFAULT NULL COMMENT 'Fecha de aprobaci+¦n por la Asamblea',
  `numero_acta_aprobacion` varchar(20) CHARACTER SET utf8mb4 COLLATE utf8mb4_unicode_ci DEFAULT NULL COMMENT 'N+¦mero de acta de la Asamblea que aprob+¦ el ingreso',
  `acta_aprobacion_pdf` varchar(255) CHARACTER SET utf8mb4 COLLATE utf8mb4_unicode_ci DEFAULT NULL COMMENT 'Archivo PDF del acta de aprobaci+¦n',
  `observaciones` text CHARACTER SET utf8mb4 COLLATE utf8mb4_unicode_ci COMMENT 'Observaciones generales del socio',
  `fecha_retiro` date DEFAULT NULL COMMENT 'Fecha de retiro voluntario',
  `motivo_retiro` varchar(300) CHARACTER SET utf8mb4 COLLATE utf8mb4_unicode_ci DEFAULT NULL COMMENT 'Motivo del retiro voluntario',
  `fecha_exclusion` date DEFAULT NULL COMMENT 'Fecha de exclusi+¦n (Art.14 Estatuto)',
  `motivo_exclusion` varchar(300) CHARACTER SET utf8mb4 COLLATE utf8mb4_unicode_ci DEFAULT NULL COMMENT 'Motivo de la exclusi+¦n',
  `menor_edad` tinyint(1) DEFAULT '0' COMMENT 'Indica si el socio es menor de edad',
  `representante_nombres` varchar(100) CHARACTER SET utf8mb4 COLLATE utf8mb4_unicode_ci DEFAULT NULL COMMENT 'Nombres del representante legal (menores de edad)',
  `representante_cedula` varchar(10) CHARACTER SET utf8mb4 COLLATE utf8mb4_unicode_ci DEFAULT NULL COMMENT 'C+®dula del representante legal',
  `representante_telefono` varchar(15) CHARACTER SET utf8mb4 COLLATE utf8mb4_unicode_ci DEFAULT NULL COMMENT 'Tel+®fono del representante legal',
  `representante_correo` varchar(100) CHARACTER SET utf8mb4 COLLATE utf8mb4_unicode_ci DEFAULT NULL COMMENT 'Correo del representante legal',
  `representante_documento_pdf` varchar(255) CHARACTER SET utf8mb4 COLLATE utf8mb4_unicode_ci DEFAULT NULL COMMENT 'Documento legal del representante (PDF)',
  `hash_integridad` varchar(64) CHARACTER SET utf8mb4 COLLATE utf8mb4_unicode_ci DEFAULT NULL COMMENT 'SHA-256 de integridad del registro',
  `fecha_creacion` datetime DEFAULT CURRENT_TIMESTAMP COMMENT 'Fecha de creaci+¦n del registro',
  PRIMARY KEY (`id_socio`),
  UNIQUE KEY `c+®dula` (`cedula`),
  UNIQUE KEY `correo_electr+¦nico` (`correo_electronico`),
  KEY `idx_socios_c+®dula` (`cedula`),
  KEY `idx_socios_correo` (`correo_electronico`),
  KEY `idx_socios_estado` (`estado`),
  KEY `idx_socios_apellidos` (`apellido1`,`apellido2`),
  KEY `idx_socios_nombres` (`nombre1`,`nombre2`)
) ENGINE=InnoDB DEFAULT CHARSET=utf8mb4 COLLATE=utf8mb4_unicode_ci COMMENT='Registro de socios de la Caja de Ahorro con datos personales, estado y representaci+¦n';
/*!40101 SET character_set_client = @saved_cs_client */;

--
-- Dumping data for table `socios`
--

LOCK TABLES `socios` WRITE;
/*!40000 ALTER TABLE `socios` DISABLE KEYS */;
INSERT INTO `socios` VALUES ('6819f961-b144-4c96-bbbd-8a0c0055cce1','1002003000','PUJOTA','','ELVIA','','1983-01-19','masculino',NULL,'IBARRA','','0995756654','gavinocg@gmail.com','Econ.',NULL,NULL,NULL,'activo','2026-06-20','2026-06-20','','acta_aprobacion_6819f961.pdf',NULL,NULL,NULL,NULL,NULL,0,'','','','',NULL,'d00c2852329529ad4164cc651368518f7700e34e14a34a377ff7e4775f60fac9','2026-06-20 14:20:38');
/*!40000 ALTER TABLE `socios` ENABLE KEYS */;
UNLOCK TABLES;

--
-- Table structure for table `solicitudes_retiro`
--

DROP TABLE IF EXISTS `solicitudes_retiro`;
/*!40101 SET @saved_cs_client     = @@character_set_client */;
/*!50503 SET character_set_client = utf8mb4 */;
CREATE TABLE `solicitudes_retiro` (
  `id_solicitud` char(36) CHARACTER SET utf8mb4 COLLATE utf8mb4_unicode_ci NOT NULL COMMENT 'UUID de la solicitud',
  `id_socio` char(36) CHARACTER SET utf8mb4 COLLATE utf8mb4_unicode_ci NOT NULL COMMENT 'FK al socio solicitante',
  `monto` decimal(12,2) NOT NULL COMMENT 'Monto solicitado',
  `motivo` text CHARACTER SET utf8mb4 COLLATE utf8mb4_unicode_ci COMMENT 'Motivo del retiro',
  `estado` enum('pendiente','aprobado','rechazado') CHARACTER SET utf8mb4 COLLATE utf8mb4_unicode_ci DEFAULT 'pendiente' COMMENT 'Estado de la solicitud',
  `fecha_solicitud` datetime DEFAULT CURRENT_TIMESTAMP COMMENT 'Fecha de solicitud',
  `fecha_respuesta` datetime DEFAULT NULL COMMENT 'Fecha de aprobaci+¦n/rechazo',
  `usuario_respuesta` char(36) CHARACTER SET utf8mb4 COLLATE utf8mb4_unicode_ci DEFAULT NULL COMMENT 'Usuario que aprob+¦/rechaz+¦',
  `id_cobro` char(36) CHARACTER SET utf8mb4 COLLATE utf8mb4_unicode_ci DEFAULT NULL COMMENT 'Cobro generado al aprobar',
  PRIMARY KEY (`id_solicitud`),
  KEY `id_socio` (`id_socio`),
  CONSTRAINT `solicitudes_retiro_ibfk_1` FOREIGN KEY (`id_socio`) REFERENCES `socios` (`id_socio`)
) ENGINE=InnoDB DEFAULT CHARSET=utf8mb4 COLLATE=utf8mb4_unicode_ci COMMENT='Solicitudes de retiro de ahorro';
/*!40101 SET character_set_client = @saved_cs_client */;

--
-- Dumping data for table `solicitudes_retiro`
--

LOCK TABLES `solicitudes_retiro` WRITE;
/*!40000 ALTER TABLE `solicitudes_retiro` DISABLE KEYS */;
/*!40000 ALTER TABLE `solicitudes_retiro` ENABLE KEYS */;
UNLOCK TABLES;

--
-- Table structure for table `usuarios`
--

DROP TABLE IF EXISTS `usuarios`;
/*!40101 SET @saved_cs_client     = @@character_set_client */;
/*!50503 SET character_set_client = utf8mb4 */;
CREATE TABLE `usuarios` (
  `id_usuario` char(36) CHARACTER SET utf8mb4 COLLATE utf8mb4_unicode_ci NOT NULL COMMENT 'Identificador +¦nico del usuario (UUID)',
  `nombres` varchar(100) CHARACTER SET utf8mb4 COLLATE utf8mb4_unicode_ci NOT NULL COMMENT 'Nombres del usuario',
  `apellidos` varchar(100) CHARACTER SET utf8mb4 COLLATE utf8mb4_unicode_ci NOT NULL COMMENT 'Apellidos del usuario',
  `cedula` varchar(10) CHARACTER SET utf8mb4 COLLATE utf8mb4_unicode_ci NOT NULL COMMENT 'C+®dula de identidad ecuatoriana',
  `correo_electronico` varchar(100) CHARACTER SET utf8mb4 COLLATE utf8mb4_unicode_ci NOT NULL COMMENT 'Correo electr+¦nico del usuario',
  `telefono` varchar(15) CHARACTER SET utf8mb4 COLLATE utf8mb4_unicode_ci DEFAULT NULL COMMENT 'N+¦mero de tel+®fono',
  `nombre_usuario` varchar(50) CHARACTER SET utf8mb4 COLLATE utf8mb4_unicode_ci NOT NULL COMMENT 'Nombre de usuario para inicio de sesi+¦n',
  `contrasena` varchar(255) CHARACTER SET utf8mb4 COLLATE utf8mb4_unicode_ci NOT NULL COMMENT 'Hash bcrypt de la contrase+¦a',
  `activo` tinyint(1) DEFAULT '1' COMMENT 'Indica si el usuario est+í activo en el sistema',
  `_2fa_obligatorio` tinyint(1) DEFAULT '0' COMMENT 'Indica si el 2FA es obligatorio para este usuario',
  `_2fa_activo` tinyint(1) DEFAULT '0' COMMENT 'Indica si el 2FA est+í actualmente activo',
  `bloqueado_hasta` datetime DEFAULT NULL COMMENT 'Fecha/hasta cu+índo est+í bloqueado (3 intentos fallidos)',
  `intentos_fallidos` int DEFAULT '0' COMMENT 'Contador de intentos fallidos de inicio de sesi+¦n',
  `fecha_creacion` datetime DEFAULT CURRENT_TIMESTAMP COMMENT 'Fecha de creaci+¦n del registro',
  `fecha_ultimo_acceso` datetime DEFAULT NULL COMMENT 'Fecha y hora del +¦ltimo inicio de sesi+¦n exitoso',
  `token_activacion` varchar(64) CHARACTER SET utf8mb4 COLLATE utf8mb4_unicode_ci DEFAULT NULL COMMENT 'SHA-256 del token de activacion de cuenta',
  `token_activacion_expira` datetime DEFAULT NULL COMMENT 'Expiracion del token de activacion',
  `fecha_contrasena` datetime DEFAULT NULL COMMENT 'Fecha del ultimo cambio de contrasena',
  `reset_token_hash` varchar(64) CHARACTER SET utf8mb4 COLLATE utf8mb4_unicode_ci DEFAULT NULL COMMENT 'SHA-256 del token de restablecimiento de contrasena',
  `reset_token_expira` datetime DEFAULT NULL COMMENT 'Expiracion del token de restablecimiento',
  `reset_token_usos` int DEFAULT '0' COMMENT 'Contador de usos del token de restablecimiento',
  PRIMARY KEY (`id_usuario`),
  UNIQUE KEY `c+®dula` (`cedula`),
  UNIQUE KEY `correo_electr+¦nico` (`correo_electronico`),
  UNIQUE KEY `nombre_usuario` (`nombre_usuario`),
  KEY `idx_usuarios_c+®dula` (`cedula`),
  KEY `idx_usuarios_correo` (`correo_electronico`),
  KEY `idx_usuarios_activo` (`activo`)
) ENGINE=InnoDB DEFAULT CHARSET=utf8mb4 COLLATE=utf8mb4_unicode_ci COMMENT='Usuarios del sistema con credenciales de acceso y control 2FA';
/*!40101 SET character_set_client = @saved_cs_client */;

--
-- Dumping data for table `usuarios`
--

LOCK TABLES `usuarios` WRITE;
/*!40000 ALTER TABLE `usuarios` DISABLE KEYS */;
INSERT INTO `usuarios` VALUES ('1673019a-c66d-4bb8-9158-1729fa6b064a','Elvia','Pujota','1002003000','epujota@gmail.com','0996755645','gcarranco','$2y$12$he9h3v/EHzKV/O.6c4kt4uYsYGPt2aHoHjAOzhoqzrMKhUNfdz2KG',1,0,0,NULL,0,'2026-06-06 16:38:03','2026-06-24 14:43:47',NULL,NULL,'2026-06-06 16:38:03',NULL,NULL,0),('516363c5-c79a-4491-83b4-b8303ce1f286','Tesorero','Caja','1003560438','gcarranco@hotmail.com','','tesorero','$2y$12$/gRI9LwajMIzc8e/NYxO6.hCsUvfbH3c.yxuEKpkpRT7AXoL2ojxe',1,0,0,NULL,0,'2026-06-06 18:23:36','2026-06-24 14:49:53',NULL,NULL,'2026-06-06 18:23:36',NULL,NULL,0),('ce86e169-fa0a-468d-bb04-ca7b8c7a5291','Admin','Sistema','1002606083','admin@caja.test','0999999999','admin','$2y$12$he9h3v/EHzKV/O.6c4kt4uYsYGPt2aHoHjAOzhoqzrMKhUNfdz2KG',1,0,0,NULL,0,'2026-06-06 14:16:51','2026-06-24 15:06:27',NULL,NULL,'2026-06-20 14:39:19','$2y$12$Zv9DvqMKa/BSRVhgfSWxROh9zu75TawpzezMGBqt6EVYICZ3.aAvS','2026-06-24 00:03:57',0);
/*!40000 ALTER TABLE `usuarios` ENABLE KEYS */;
UNLOCK TABLES;

--
-- Dumping events for database 'caja_ahorro_pujota'
--

--
-- Dumping routines for database 'caja_ahorro_pujota'
--
/*!40103 SET TIME_ZONE=@OLD_TIME_ZONE */;

/*!40101 SET SQL_MODE=@OLD_SQL_MODE */;
/*!40014 SET FOREIGN_KEY_CHECKS=@OLD_FOREIGN_KEY_CHECKS */;
/*!40014 SET UNIQUE_CHECKS=@OLD_UNIQUE_CHECKS */;
/*!40101 SET CHARACTER_SET_CLIENT=@OLD_CHARACTER_SET_CLIENT */;
/*!40101 SET CHARACTER_SET_RESULTS=@OLD_CHARACTER_SET_RESULTS */;
/*!40101 SET COLLATION_CONNECTION=@OLD_COLLATION_CONNECTION */;
/*!40111 SET SQL_NOTES=@OLD_SQL_NOTES */;

-- Dump completed on 2026-06-24 15:50:51
