-- MySQL dump 10.13  Distrib 8.4.3, for Win64 (x86_64)
--
-- Host: 127.0.0.1    Database: caja_ahorro_pujota
-- ------------------------------------------------------
-- Server version	8.4.3

/*!40101 SET @OLD_CHARACTER_SET_CLIENT=@@CHARACTER_SET_CLIENT */;
/*!40101 SET @OLD_CHARACTER_SET_RESULTS=@@CHARACTER_SET_RESULTS */;
/*!40101 SET @OLD_COLLATION_CONNECTION=@@COLLATION_CONNECTION */;
/*!50503 SET NAMES utf8mb4 */;
/*!40103 SET @OLD_TIME_ZONE=@@TIME_ZONE */;
/*!40103 SET TIME_ZONE='+00:00' */;
/*!40014 SET @OLD_UNIQUE_CHECKS=@@UNIQUE_CHECKS, UNIQUE_CHECKS=0 */;
/*!40014 SET @OLD_FOREIGN_KEY_CHECKS=@@FOREIGN_KEY_CHECKS, FOREIGN_KEY_CHECKS=0 */;
/*!40101 SET @OLD_SQL_MODE=@@SQL_MODE, SQL_MODE='NO_AUTO_VALUE_ON_ZERO' */;
/*!40111 SET @OLD_SQL_NOTES=@@SQL_NOTES, SQL_NOTES=0 */;

--
-- Table structure for table `amortizaciones`
--

DROP TABLE IF EXISTS `amortizaciones`;
/*!40101 SET @saved_cs_client     = @@character_set_client */;
/*!50503 SET character_set_client = utf8mb4 */;
CREATE TABLE `amortizaciones` (
  `id_amortizacion` char(36) CHARACTER SET utf8mb4 COLLATE utf8mb4_unicode_ci NOT NULL COMMENT 'Identificador +Înico de la amortizaci+În (UUID)',
  `id_credito` char(36) CHARACTER SET utf8mb4 COLLATE utf8mb4_unicode_ci NOT NULL COMMENT 'FK al cr+Ûdito asociado',
  `numero_cuota` int NOT NULL COMMENT 'N+Îmero de cuota (1, 2, 3...)',
  `fecha_vencimiento` date NOT NULL COMMENT 'Fecha de vencimiento de la cuota',
  `capital` decimal(12,2) NOT NULL COMMENT 'Porci+În de capital de la cuota',
  `interes` decimal(12,2) NOT NULL COMMENT 'Porci+În de inter+Ûs de la cuota',
  `total` decimal(12,2) NOT NULL COMMENT 'Total de la cuota (capital + inter+Ûs)',
  `saldo_restante` decimal(12,2) NOT NULL COMMENT 'Saldo de capital pendiente despu+Ûs de esta cuota',
  `estado` enum('pendiente','pagada','vencida') CHARACTER SET utf8mb4 COLLATE utf8mb4_unicode_ci DEFAULT 'pendiente' COMMENT 'Estado de la cuota',
  `id_cobro` char(36) CHARACTER SET utf8mb4 COLLATE utf8mb4_unicode_ci DEFAULT NULL COMMENT 'FK al cobro cuando la cuota es pagada',
  PRIMARY KEY (`id_amortizacion`),
  KEY `idx_amortizaciones_crå—È-¨dito` (`id_credito`),
  KEY `idx_amortizaciones_estado` (`estado`),
  KEY `idx_amortizaciones_credito` (`id_credito`),
  CONSTRAINT `amortizaciones_ibfk_1` FOREIGN KEY (`id_credito`) REFERENCES `creditos` (`id_credito`)
) ENGINE=InnoDB DEFAULT CHARSET=utf8mb4 COLLATE=utf8mb4_unicode_ci COMMENT='Tabla de amortizaciå—Èå—Õn de crå—È-¨ditos +—+Ó+ô cuotas generadas segå—Èå·Ìn må—È-¨todo de interå—È-¨s';
/*!40101 SET character_set_client = @saved_cs_client */;

--
-- Dumping data for table `amortizaciones`
--

LOCK TABLES `amortizaciones` WRITE;
/*!40000 ALTER TABLE `amortizaciones` DISABLE KEYS */;
/*!40000 ALTER TABLE `amortizaciones` ENABLE KEYS */;
UNLOCK TABLES;

--
-- Table structure for table `archivos`
--

DROP TABLE IF EXISTS `archivos`;
/*!40101 SET @saved_cs_client     = @@character_set_client */;
/*!50503 SET character_set_client = utf8mb4 */;
CREATE TABLE `archivos` (
  `id_archivo` char(36) CHARACTER SET utf8mb4 COLLATE utf8mb4_unicode_ci NOT NULL COMMENT 'Identificador +Înico del archivo (UUID)',
  `nombre_original` varchar(255) CHARACTER SET utf8mb4 COLLATE utf8mb4_unicode_ci NOT NULL COMMENT 'Nombre original del archivo subido',
  `nombre_archivo` varchar(255) CHARACTER SET utf8mb4 COLLATE utf8mb4_unicode_ci NOT NULL COMMENT 'Nombre interno en disco (UUID + extensi+În)',
  `mime_type` varchar(100) CHARACTER SET utf8mb4 COLLATE utf8mb4_unicode_ci NOT NULL COMMENT 'Tipo MIME del archivo',
  `tamano` bigint NOT NULL COMMENT 'Tama+Îo en bytes',
  `extension` varchar(10) CHARACTER SET utf8mb4 COLLATE utf8mb4_unicode_ci NOT NULL COMMENT 'Extensi+În del archivo (pdf, jpg, png, etc)',
  `ruta` varchar(500) CHARACTER SET utf8mb4 COLLATE utf8mb4_unicode_ci NOT NULL COMMENT 'Ruta relativa desde storage/archivos/',
  `hash_sha256` varchar(64) CHARACTER SET utf8mb4 COLLATE utf8mb4_unicode_ci NOT NULL COMMENT 'SHA-256 del contenido del archivo',
  `entidad_tipo` varchar(50) CHARACTER SET utf8mb4 COLLATE utf8mb4_unicode_ci DEFAULT NULL COMMENT 'Nombre de la tabla o m+Îdulo asociado (socio, credito, multa, etc)',
  `entidad_id` char(36) CHARACTER SET utf8mb4 COLLATE utf8mb4_unicode_ci DEFAULT NULL COMMENT 'UUID del registro asociado en la entidad',
  `subdirectorio` varchar(100) CHARACTER SET utf8mb4 COLLATE utf8mb4_unicode_ci DEFAULT 'general' COMMENT 'Subdirectorio dentro de storage/archivos/',
  `id_usuario_subio` char(36) CHARACTER SET utf8mb4 COLLATE utf8mb4_unicode_ci DEFAULT NULL COMMENT 'Usuario que subi+Î el archivo',
  `fecha_subida` datetime DEFAULT CURRENT_TIMESTAMP COMMENT 'Fecha de subida del archivo',
  PRIMARY KEY (`id_archivo`),
  KEY `id_usuario_subio` (`id_usuario_subio`),
  KEY `idx_archivos_entidad` (`entidad_tipo`,`entidad_id`),
  KEY `idx_archivos_hash` (`hash_sha256`),
  CONSTRAINT `archivos_ibfk_1` FOREIGN KEY (`id_usuario_subio`) REFERENCES `usuarios` (`id_usuario`)
) ENGINE=InnoDB DEFAULT CHARSET=utf8mb4 COLLATE=utf8mb4_unicode_ci COMMENT='Gestiå—Èå—Õn centralizada de archivos ? metadatos en BD, archivos fuera del public root';
/*!40101 SET character_set_client = @saved_cs_client */;

--
-- Dumping data for table `archivos`
--

LOCK TABLES `archivos` WRITE;
/*!40000 ALTER TABLE `archivos` DISABLE KEYS */;
/*!40000 ALTER TABLE `archivos` ENABLE KEYS */;
UNLOCK TABLES;

--
-- Table structure for table `asistencias`
--

DROP TABLE IF EXISTS `asistencias`;
/*!40101 SET @saved_cs_client     = @@character_set_client */;
/*!50503 SET character_set_client = utf8mb4 */;
CREATE TABLE `asistencias` (
  `id_asistencia` char(36) CHARACTER SET utf8mb4 COLLATE utf8mb4_unicode_ci NOT NULL COMMENT 'Identificador +Înico del registro de asistencia (UUID)',
  `id_socio` char(36) CHARACTER SET utf8mb4 COLLATE utf8mb4_unicode_ci NOT NULL COMMENT 'FK al socio que asiste',
  `id_sesion` char(36) CHARACTER SET utf8mb4 COLLATE utf8mb4_unicode_ci NOT NULL COMMENT 'FK a la sesi+În mensual',
  `tipo` enum('a_tiempo','retraso_10min','retraso_30min','falta') CHARACTER SET utf8mb4 COLLATE utf8mb4_unicode_ci NOT NULL COMMENT 'Tipo de asistencia registrada',
  `justificacion` text CHARACTER SET utf8mb4 COLLATE utf8mb4_unicode_ci COMMENT 'Justificaci+În presentada por el socio (opcional)',
  `justificacion_pdf` varchar(255) CHARACTER SET utf8mb4 COLLATE utf8mb4_unicode_ci DEFAULT NULL COMMENT 'Archivo PDF de la justificaci+În',
  `justificacion_aprobada` tinyint(1) DEFAULT '0' COMMENT 'Indica si la justificaci+În fue aprobada',
  `usuario_registra` char(36) CHARACTER SET utf8mb4 COLLATE utf8mb4_unicode_ci NOT NULL COMMENT 'Usuario que registr+Î la asistencia',
  `fecha_registro` datetime DEFAULT CURRENT_TIMESTAMP COMMENT 'Fecha y hora del registro',
  PRIMARY KEY (`id_asistencia`),
  UNIQUE KEY `id_socio` (`id_socio`,`id_sesion`),
  KEY `id_sesiå—Èå—Õn` (`id_sesion`),
  KEY `usuario_registra` (`usuario_registra`),
  CONSTRAINT `asistencias_ibfk_1` FOREIGN KEY (`id_socio`) REFERENCES `socios` (`id_socio`),
  CONSTRAINT `asistencias_ibfk_2` FOREIGN KEY (`id_sesion`) REFERENCES `sesiones_mensuales` (`id_sesion`),
  CONSTRAINT `asistencias_ibfk_3` FOREIGN KEY (`usuario_registra`) REFERENCES `usuarios` (`id_usuario`)
) ENGINE=InnoDB DEFAULT CHARSET=utf8mb4 COLLATE=utf8mb4_unicode_ci COMMENT='Registro de asistencia a sesiones mensuales con tipo y justificaciå—Èå—Õn';
/*!40101 SET character_set_client = @saved_cs_client */;

--
-- Dumping data for table `asistencias`
--

LOCK TABLES `asistencias` WRITE;
/*!40000 ALTER TABLE `asistencias` DISABLE KEYS */;
/*!40000 ALTER TABLE `asistencias` ENABLE KEYS */;
UNLOCK TABLES;

--
-- Table structure for table `caja_movimientos`
--

DROP TABLE IF EXISTS `caja_movimientos`;
/*!40101 SET @saved_cs_client     = @@character_set_client */;
/*!50503 SET character_set_client = utf8mb4 */;
CREATE TABLE `caja_movimientos` (
  `id_movimiento` char(36) COLLATE utf8mb4_unicode_ci NOT NULL COMMENT 'Identificador unico del movimiento (UUID)',
  `id_sesion` char(36) COLLATE utf8mb4_unicode_ci DEFAULT NULL COMMENT 'FK a la sesion donde ocurrio',
  `id_socio` char(36) COLLATE utf8mb4_unicode_ci DEFAULT NULL COMMENT 'FK al socio relacionado',
  `id_referencia` char(36) COLLATE utf8mb4_unicode_ci DEFAULT NULL COMMENT 'FK al cobro, credito, inversion, etc',
  `tipo_movimiento` enum('ingreso','egreso') COLLATE utf8mb4_unicode_ci NOT NULL COMMENT 'Ingreso o egreso',
  `concepto` varchar(255) COLLATE utf8mb4_unicode_ci NOT NULL COMMENT 'Concepto descriptivo de la operacion',
  `categoria` varchar(50) COLLATE utf8mb4_unicode_ci NOT NULL COMMENT 'Categoria: aporte_obligatorio, multa, desembolso, etc',
  `monto` decimal(12,2) NOT NULL COMMENT 'Monto del movimiento',
  `saldo_anterior` decimal(12,2) NOT NULL COMMENT 'Saldo antes del movimiento',
  `saldo_posterior` decimal(12,2) NOT NULL COMMENT 'Saldo despues del movimiento',
  `fecha_registro` datetime DEFAULT CURRENT_TIMESTAMP COMMENT 'Fecha y hora del registro',
  PRIMARY KEY (`id_movimiento`),
  KEY `idx_fecha` (`fecha_registro`),
  KEY `idx_categoria` (`categoria`),
  KEY `idx_sesion` (`id_sesion`),
  KEY `idx_referencia` (`id_referencia`)
) ENGINE=InnoDB DEFAULT CHARSET=utf8mb4 COLLATE=utf8mb4_unicode_ci COMMENT='Libro mayor de la Caja - estado de cuenta centralizado';
/*!40101 SET character_set_client = @saved_cs_client */;

--
-- Dumping data for table `caja_movimientos`
--

LOCK TABLES `caja_movimientos` WRITE;
/*!40000 ALTER TABLE `caja_movimientos` DISABLE KEYS */;
/*!40000 ALTER TABLE `caja_movimientos` ENABLE KEYS */;
UNLOCK TABLES;

--
-- Table structure for table `cantones`
--

DROP TABLE IF EXISTS `cantones`;
/*!40101 SET @saved_cs_client     = @@character_set_client */;
/*!50503 SET character_set_client = utf8mb4 */;
CREATE TABLE `cantones` (
  `id_canton` int NOT NULL AUTO_INCREMENT COMMENT 'Identificador num+Ûrico del cant+În',
  `id_provincia` int NOT NULL COMMENT 'FK a la provincia',
  `nombre` varchar(100) CHARACTER SET utf8mb4 COLLATE utf8mb4_unicode_ci NOT NULL COMMENT 'Nombre del cant+În',
  PRIMARY KEY (`id_canton`),
  KEY `id_provincia` (`id_provincia`),
  CONSTRAINT `cantones_ibfk_1` FOREIGN KEY (`id_provincia`) REFERENCES `provincias` (`id_provincia`)
) ENGINE=InnoDB AUTO_INCREMENT=2 DEFAULT CHARSET=utf8mb4 COLLATE=utf8mb4_unicode_ci COMMENT='Catå—È+Àlogo de cantones por provincia';
/*!40101 SET character_set_client = @saved_cs_client */;

--
-- Dumping data for table `cantones`
--

LOCK TABLES `cantones` WRITE;
/*!40000 ALTER TABLE `cantones` DISABLE KEYS */;
INSERT INTO `cantones` VALUES (1,1,'Pedro Moncayo');
/*!40000 ALTER TABLE `cantones` ENABLE KEYS */;
UNLOCK TABLES;

--
-- Table structure for table `capital_inversion`
--

DROP TABLE IF EXISTS `capital_inversion`;
/*!40101 SET @saved_cs_client     = @@character_set_client */;
/*!50503 SET character_set_client = utf8mb4 */;
CREATE TABLE `capital_inversion` (
  `id_capital_inversion` char(36) CHARACTER SET utf8mb4 COLLATE utf8mb4_unicode_ci NOT NULL COMMENT 'Identificador unico del registro de capital de inversion (UUID)',
  `id_socio` char(36) CHARACTER SET utf8mb4 COLLATE utf8mb4_unicode_ci NOT NULL COMMENT 'FK al socio',
  `saldo` decimal(12,2) DEFAULT '0.00' COMMENT 'Saldo disponible para invertir',
  `fecha_ultimo_movimiento` datetime DEFAULT NULL COMMENT 'Fecha del ultimo movimiento',
  PRIMARY KEY (`id_capital_inversion`),
  UNIQUE KEY `id_socio` (`id_socio`),
  CONSTRAINT `capital_inversion_ibfk_1` FOREIGN KEY (`id_socio`) REFERENCES `socios` (`id_socio`)
) ENGINE=InnoDB DEFAULT CHARSET=utf8mb4 COLLATE=utf8mb4_unicode_ci COMMENT='Capital de inversion del socio åú— independiente de la cuenta de ahorro';
/*!40101 SET character_set_client = @saved_cs_client */;

--
-- Dumping data for table `capital_inversion`
--

LOCK TABLES `capital_inversion` WRITE;
/*!40000 ALTER TABLE `capital_inversion` DISABLE KEYS */;
/*!40000 ALTER TABLE `capital_inversion` ENABLE KEYS */;
UNLOCK TABLES;

--
-- Table structure for table `catastro_entidades_publicas`
--

DROP TABLE IF EXISTS `catastro_entidades_publicas`;
/*!40101 SET @saved_cs_client     = @@character_set_client */;
/*!50503 SET character_set_client = utf8mb4 */;
CREATE TABLE `catastro_entidades_publicas` (
  `id_entidad` int NOT NULL AUTO_INCREMENT COMMENT 'Identificador num+Ûrico de la entidad',
  `ruc` varchar(13) CHARACTER SET utf8mb4 COLLATE utf8mb4_unicode_ci NOT NULL COMMENT 'RUC de la entidad p+Îblica',
  `razon_social` varchar(200) CHARACTER SET utf8mb4 COLLATE utf8mb4_unicode_ci NOT NULL COMMENT 'Raz+În social de la entidad',
  PRIMARY KEY (`id_entidad`)
) ENGINE=InnoDB DEFAULT CHARSET=utf8mb4 COLLATE=utf8mb4_unicode_ci COMMENT='Catastro de entidades på—Èå·Ìblicas para registro de socios';
/*!40101 SET character_set_client = @saved_cs_client */;

--
-- Dumping data for table `catastro_entidades_publicas`
--

LOCK TABLES `catastro_entidades_publicas` WRITE;
/*!40000 ALTER TABLE `catastro_entidades_publicas` DISABLE KEYS */;
/*!40000 ALTER TABLE `catastro_entidades_publicas` ENABLE KEYS */;
UNLOCK TABLES;

--
-- Table structure for table `cobros`
--

DROP TABLE IF EXISTS `cobros`;
/*!40101 SET @saved_cs_client     = @@character_set_client */;
/*!50503 SET character_set_client = utf8mb4 */;
CREATE TABLE `cobros` (
  `id_cobro` char(36) CHARACTER SET utf8mb4 COLLATE utf8mb4_unicode_ci NOT NULL COMMENT 'Identificador +Înico del cobro (UUID)',
  `id_socio` char(36) CHARACTER SET utf8mb4 COLLATE utf8mb4_unicode_ci NOT NULL COMMENT 'FK al socio que realiza el pago',
  `id_sesion` char(36) CHARACTER SET utf8mb4 COLLATE utf8mb4_unicode_ci DEFAULT NULL COMMENT 'FK a la sesi+În mensual donde se registra el cobro',
  `tipo` enum('aporte_obligatorio','aporte_excedente','cuota_credito','multa','inversion','interes','desembolso','otro') COLLATE utf8mb4_unicode_ci NOT NULL,
  `id_referencia` char(36) CHARACTER SET utf8mb4 COLLATE utf8mb4_unicode_ci DEFAULT NULL COMMENT 'ID de referencia seg+În el tipo (id_amortizaci+În, id_multa, etc.)',
  `monto` decimal(12,2) NOT NULL COMMENT 'Monto cobrado',
  `medio_pago` enum('efectivo','transferencia','compensacion','digital') COLLATE utf8mb4_unicode_ci DEFAULT 'efectivo',
  `comprobante_pdf` varchar(255) CHARACTER SET utf8mb4 COLLATE utf8mb4_unicode_ci DEFAULT NULL COMMENT 'Archivo PDF del comprobante de pago',
  `hash_integridad` varchar(64) CHARACTER SET utf8mb4 COLLATE utf8mb4_unicode_ci DEFAULT NULL COMMENT 'SHA-256 de integridad del registro',
  `usuario_registra` char(36) CHARACTER SET utf8mb4 COLLATE utf8mb4_unicode_ci NOT NULL COMMENT 'Usuario que registr+Î el cobro',
  `anulado` tinyint(1) DEFAULT '0' COMMENT 'Indica si el cobro fue anulado',
  `motivo_anulacion` varchar(255) CHARACTER SET utf8mb4 COLLATE utf8mb4_unicode_ci DEFAULT NULL COMMENT 'Motivo de la anulaci+În',
  `fecha_anulacion` datetime DEFAULT NULL COMMENT 'Fecha de anulaci+În',
  `usuario_anula` char(36) CHARACTER SET utf8mb4 COLLATE utf8mb4_unicode_ci DEFAULT NULL COMMENT 'Usuario que anul+Î el cobro',
  `fecha_registro` datetime DEFAULT CURRENT_TIMESTAMP COMMENT 'Fecha de registro del cobro',
  PRIMARY KEY (`id_cobro`),
  KEY `usuario_registra` (`usuario_registra`),
  KEY `idx_cobros_socio` (`id_socio`),
  KEY `idx_cobros_tipo` (`tipo`),
  KEY `idx_cobros_sesiå—Èå—Õn` (`id_sesion`),
  KEY `idx_cobros_fecha` (`fecha_registro`),
  KEY `idx_cobros_sesion` (`id_sesion`),
  CONSTRAINT `cobros_ibfk_1` FOREIGN KEY (`id_socio`) REFERENCES `socios` (`id_socio`),
  CONSTRAINT `cobros_ibfk_2` FOREIGN KEY (`id_sesion`) REFERENCES `sesiones_mensuales` (`id_sesion`),
  CONSTRAINT `cobros_ibfk_3` FOREIGN KEY (`usuario_registra`) REFERENCES `usuarios` (`id_usuario`)
) ENGINE=InnoDB DEFAULT CHARSET=utf8mb4 COLLATE=utf8mb4_unicode_ci COMMENT='Registro de cobros +—+Ó+ô transacciones financieras diarias';
/*!40101 SET character_set_client = @saved_cs_client */;

--
-- Dumping data for table `cobros`
--

LOCK TABLES `cobros` WRITE;
/*!40000 ALTER TABLE `cobros` DISABLE KEYS */;
/*!40000 ALTER TABLE `cobros` ENABLE KEYS */;
UNLOCK TABLES;

--
-- Table structure for table `creditos`
--

DROP TABLE IF EXISTS `creditos`;
/*!40101 SET @saved_cs_client     = @@character_set_client */;
/*!50503 SET character_set_client = utf8mb4 */;
CREATE TABLE `creditos` (
  `id_credito` char(36) CHARACTER SET utf8mb4 COLLATE utf8mb4_unicode_ci NOT NULL COMMENT 'Identificador +Înico del cr+Ûdito (UUID)',
  `id_socio` char(36) CHARACTER SET utf8mb4 COLLATE utf8mb4_unicode_ci NOT NULL COMMENT 'FK al socio solicitante',
  `id_producto` char(36) CHARACTER SET utf8mb4 COLLATE utf8mb4_unicode_ci NOT NULL COMMENT 'FK al producto financiero asociado',
  `id_sesion_aprobacion` char(36) CHARACTER SET utf8mb4 COLLATE utf8mb4_unicode_ci DEFAULT NULL COMMENT 'FK a la sesi+În donde se aprob+Î el cr+Ûdito',
  `monto_solicitado` decimal(12,2) NOT NULL COMMENT 'Monto solicitado por el socio',
  `monto_aprobado` decimal(12,2) DEFAULT NULL COMMENT 'Monto aprobado por la Asamblea',
  `plazo_meses` int NOT NULL COMMENT 'Plazo del cr+Ûdito en meses',
  `tasa_interes` decimal(5,2) NOT NULL COMMENT 'Tasa de inter+Ûs anual aplicada',
  `metodo_interes` enum('simple','frances','aleman') COLLATE utf8mb4_unicode_ci DEFAULT 'simple',
  `destino` text CHARACTER SET utf8mb4 COLLATE utf8mb4_unicode_ci COMMENT 'Destino o prop+Îsito del cr+Ûdito',
  `estado` enum('ingresado','pendiente','aprobado','legalizado','desembolsado','rechazado','cancelado') CHARACTER SET utf8mb4 COLLATE utf8mb4_unicode_ci NOT NULL DEFAULT 'ingresado' COMMENT 'Estado actual de la solicitud de credito',
  `acta_aprobacion_pdf` varchar(255) CHARACTER SET utf8mb4 COLLATE utf8mb4_unicode_ci DEFAULT NULL COMMENT 'Archivo PDF del acta de aprobaci+În',
  `fecha_solicitud` datetime DEFAULT CURRENT_TIMESTAMP COMMENT 'Fecha de solicitud del cr+Ûdito',
  `fecha_aprobacion` datetime DEFAULT NULL COMMENT 'Fecha de aprobaci+În',
  `fecha_desembolso` datetime DEFAULT NULL COMMENT 'Fecha de desembolso del cr+Ûdito',
  `usuario_aprueba` char(36) CHARACTER SET utf8mb4 COLLATE utf8mb4_unicode_ci DEFAULT NULL COMMENT 'Usuario que aprob+Î el cr+Ûdito',
  `justificacion` text CHARACTER SET utf8mb4 COLLATE utf8mb4_unicode_ci COMMENT 'Justificacion de rechazo o puesta en espera',
  PRIMARY KEY (`id_credito`),
  KEY `id_producto` (`id_producto`),
  KEY `id_sesiå—Èå—Õn_aprobaciå—Èå—Õn` (`id_sesion_aprobacion`),
  KEY `usuario_aprueba` (`usuario_aprueba`),
  KEY `idx_crå—È-¨ditos_estado` (`estado`),
  KEY `idx_crå—È-¨ditos_socio` (`id_socio`),
  CONSTRAINT `creditos_ibfk_1` FOREIGN KEY (`id_socio`) REFERENCES `socios` (`id_socio`),
  CONSTRAINT `creditos_ibfk_2` FOREIGN KEY (`id_producto`) REFERENCES `productos_financieros` (`id_producto`),
  CONSTRAINT `creditos_ibfk_3` FOREIGN KEY (`id_sesion_aprobacion`) REFERENCES `sesiones_mensuales` (`id_sesion`),
  CONSTRAINT `creditos_ibfk_4` FOREIGN KEY (`usuario_aprueba`) REFERENCES `usuarios` (`id_usuario`)
) ENGINE=InnoDB DEFAULT CHARSET=utf8mb4 COLLATE=utf8mb4_unicode_ci COMMENT='Solicitudes y desembolsos de crå—È-¨ditos de los socios';
/*!40101 SET character_set_client = @saved_cs_client */;

--
-- Dumping data for table `creditos`
--

LOCK TABLES `creditos` WRITE;
/*!40000 ALTER TABLE `creditos` DISABLE KEYS */;
/*!40000 ALTER TABLE `creditos` ENABLE KEYS */;
UNLOCK TABLES;

--
-- Table structure for table `cuentas_ahorro`
--

DROP TABLE IF EXISTS `cuentas_ahorro`;
/*!40101 SET @saved_cs_client     = @@character_set_client */;
/*!50503 SET character_set_client = utf8mb4 */;
CREATE TABLE `cuentas_ahorro` (
  `id_cuenta_ahorro` char(36) CHARACTER SET utf8mb4 COLLATE utf8mb4_unicode_ci NOT NULL COMMENT 'Identificador +Înico de la cuenta de ahorro (UUID)',
  `id_socio` char(36) CHARACTER SET utf8mb4 COLLATE utf8mb4_unicode_ci NOT NULL COMMENT 'FK al socio propietario de la cuenta',
  `saldo_obligatorio` decimal(12,2) DEFAULT '0.00' COMMENT 'Saldo del aporte obligatorio (USD 10/mes)',
  `saldo_excedente` decimal(12,2) DEFAULT '0.00' COMMENT 'Saldo de aportes voluntarios/excedentes',
  `saldo_disponible` decimal(12,2) DEFAULT '0.00' COMMENT 'Saldo total disponible para retiro seg+În reglas',
  `fecha_ultimo_movimiento` datetime DEFAULT NULL COMMENT 'Fecha del +Îltimo movimiento registrado',
  PRIMARY KEY (`id_cuenta_ahorro`),
  UNIQUE KEY `id_socio` (`id_socio`),
  CONSTRAINT `cuentas_ahorro_ibfk_1` FOREIGN KEY (`id_socio`) REFERENCES `socios` (`id_socio`)
) ENGINE=InnoDB DEFAULT CHARSET=utf8mb4 COLLATE=utf8mb4_unicode_ci COMMENT='Cuentas de ahorro de los socios +—+Ó+ô capital separado de inversiones';
/*!40101 SET character_set_client = @saved_cs_client */;

--
-- Dumping data for table `cuentas_ahorro`
--

LOCK TABLES `cuentas_ahorro` WRITE;
/*!40000 ALTER TABLE `cuentas_ahorro` DISABLE KEYS */;
INSERT INTO `cuentas_ahorro` VALUES ('35091853-e6e7-4dcd-a292-5c97229a972a','32d4ffda-eec7-4299-885f-f320557da01e',0.00,0.00,0.00,NULL),('72f76cda-20e3-460a-8533-fab738f82b92','c19ef60e-9f5b-4750-a6d2-afd8f8e9ea9a',0.00,0.00,0.00,'2026-06-11 16:00:35'),('7638e37c-72e9-48ba-bfba-0f885133e41a','caaf8155-4c10-4e84-aa7b-ba4183906421',0.00,0.00,0.00,NULL),('95dba24c-5c65-4262-8053-e783ea1c0621','5afb15ad-ced5-431b-9fc2-970cf4919433',0.00,0.00,0.00,NULL),('a09b3d26-dff6-4218-8a1a-f9edc4f10cc7','00e16557-e3cf-4738-8516-7f3fb6ddb96d',0.00,0.00,0.00,NULL),('a8ecf0a7-776c-42dc-b573-1e4433d16989','c26b7a29-755b-4665-8912-397c05d48a27',0.00,0.00,0.00,NULL),('ab9d9a6b-f5dd-4850-95fc-c98de0635c18','9e52d148-927b-4784-b290-b8d9f9b1c35f',0.00,0.00,0.00,NULL),('c3df6ac3-fc84-4376-8228-1aaabb9beea0','392cced6-d52b-464b-9829-51aa9ce12468',0.00,0.00,0.00,'2026-06-11 17:05:38');
/*!40000 ALTER TABLE `cuentas_ahorro` ENABLE KEYS */;
UNLOCK TABLES;

--
-- Table structure for table `garantes`
--

DROP TABLE IF EXISTS `garantes`;
/*!40101 SET @saved_cs_client     = @@character_set_client */;
/*!50503 SET character_set_client = utf8mb4 */;
CREATE TABLE `garantes` (
  `id_garante` char(36) CHARACTER SET utf8mb4 COLLATE utf8mb4_unicode_ci NOT NULL COMMENT 'UUID del garante',
  `id_credito` char(36) CHARACTER SET utf8mb4 COLLATE utf8mb4_unicode_ci NOT NULL COMMENT 'FK al cr+Ûdito',
  `id_socio` char(36) CHARACTER SET utf8mb4 COLLATE utf8mb4_unicode_ci NOT NULL COMMENT 'FK al socio garante',
  `tipo_garante` enum('fiador_solidario','prendario','hipotecario') CHARACTER SET utf8mb4 COLLATE utf8mb4_unicode_ci DEFAULT 'fiador_solidario' COMMENT 'Tipo de garant+Àa',
  `monto_garantizado` decimal(12,2) NOT NULL DEFAULT '0.00' COMMENT 'Monto garantizado',
  `fecha_registro` datetime DEFAULT CURRENT_TIMESTAMP COMMENT 'Fecha de registro',
  PRIMARY KEY (`id_garante`),
  KEY `id_socio` (`id_socio`),
  KEY `garantes_ibfk_1` (`id_credito`),
  CONSTRAINT `garantes_ibfk_1` FOREIGN KEY (`id_credito`) REFERENCES `creditos` (`id_credito`),
  CONSTRAINT `garantes_ibfk_2` FOREIGN KEY (`id_socio`) REFERENCES `socios` (`id_socio`)
) ENGINE=InnoDB DEFAULT CHARSET=utf8mb4 COLLATE=utf8mb4_unicode_ci COMMENT='Garantes de crå—È-¨ditos';
/*!40101 SET character_set_client = @saved_cs_client */;

--
-- Dumping data for table `garantes`
--

LOCK TABLES `garantes` WRITE;
/*!40000 ALTER TABLE `garantes` DISABLE KEYS */;
/*!40000 ALTER TABLE `garantes` ENABLE KEYS */;
UNLOCK TABLES;

--
-- Table structure for table `historial_operaciones`
--

DROP TABLE IF EXISTS `historial_operaciones`;
/*!40101 SET @saved_cs_client     = @@character_set_client */;
/*!50503 SET character_set_client = utf8mb4 */;
CREATE TABLE `historial_operaciones` (
  `id_operacion` char(36) CHARACTER SET utf8mb4 COLLATE utf8mb4_unicode_ci NOT NULL COMMENT 'Identificador +Înico de la operaci+În (UUID)',
  `id_socio` char(36) CHARACTER SET utf8mb4 COLLATE utf8mb4_unicode_ci NOT NULL COMMENT 'FK al socio asociado a la operaci+În',
  `tipo_operacion` enum('aporte_obligatorio','aporte_excedente','retiro_ahorro','desembolso_credito','pago_cuota','pago_multa','inversion_apertura','inversion_retiro','interes_ganado','interes_pagado','cierre_sesion','anulacion','anulacion_inversion','desembolso_capital','deposito_capital_inversion') COLLATE utf8mb4_unicode_ci NOT NULL,
  `monto` decimal(12,2) NOT NULL COMMENT 'Monto de la operaci+În',
  `saldo_anterior` decimal(12,2) DEFAULT NULL COMMENT 'Saldo anterior a la operaci+În',
  `saldo_posterior` decimal(12,2) DEFAULT NULL COMMENT 'Saldo posterior a la operaci+În',
  `id_referencia` char(36) CHARACTER SET utf8mb4 COLLATE utf8mb4_unicode_ci DEFAULT NULL COMMENT 'ID de referencia a la entidad origen',
  `id_sesion` char(36) CHARACTER SET utf8mb4 COLLATE utf8mb4_unicode_ci DEFAULT NULL COMMENT 'FK a la sesi+În mensual',
  `id_usuario_registra` char(36) CHARACTER SET utf8mb4 COLLATE utf8mb4_unicode_ci DEFAULT NULL COMMENT 'Usuario que registr+Î la operaci+În',
  `comprobante_pdf` varchar(255) CHARACTER SET utf8mb4 COLLATE utf8mb4_unicode_ci DEFAULT NULL COMMENT 'Archivo PDF del comprobante',
  `hash_integridad` varchar(64) CHARACTER SET utf8mb4 COLLATE utf8mb4_unicode_ci DEFAULT NULL COMMENT 'SHA-256 de integridad del registro (inmodificable)',
  `ip_registro` varchar(45) CHARACTER SET utf8mb4 COLLATE utf8mb4_unicode_ci DEFAULT NULL COMMENT 'Direcci+În IP desde donde se registr+Î la operaci+În',
  `fecha_registro` datetime DEFAULT CURRENT_TIMESTAMP COMMENT 'Fecha y hora del registro',
  PRIMARY KEY (`id_operacion`),
  KEY `id_sesiå—Èå—Õn` (`id_sesion`),
  KEY `id_usuario_registra` (`id_usuario_registra`),
  KEY `idx_historial_socio` (`id_socio`),
  KEY `idx_historial_tipo` (`tipo_operacion`),
  KEY `idx_historial_fecha` (`fecha_registro`),
  CONSTRAINT `historial_operaciones_ibfk_1` FOREIGN KEY (`id_socio`) REFERENCES `socios` (`id_socio`),
  CONSTRAINT `historial_operaciones_ibfk_2` FOREIGN KEY (`id_sesion`) REFERENCES `sesiones_mensuales` (`id_sesion`),
  CONSTRAINT `historial_operaciones_ibfk_3` FOREIGN KEY (`id_usuario_registra`) REFERENCES `usuarios` (`id_usuario`)
) ENGINE=InnoDB DEFAULT CHARSET=utf8mb4 COLLATE=utf8mb4_unicode_ci COMMENT='Historial inmodificable de operaciones financieras +—+Ó+ô solo inserciå—Èå—Õn, sin DELETE/UPDATE';
/*!40101 SET character_set_client = @saved_cs_client */;

--
-- Dumping data for table `historial_operaciones`
--

LOCK TABLES `historial_operaciones` WRITE;
/*!40000 ALTER TABLE `historial_operaciones` DISABLE KEYS */;
/*!40000 ALTER TABLE `historial_operaciones` ENABLE KEYS */;
UNLOCK TABLES;

--
-- Table structure for table `inversiones`
--

DROP TABLE IF EXISTS `inversiones`;
/*!40101 SET @saved_cs_client     = @@character_set_client */;
/*!50503 SET character_set_client = utf8mb4 */;
CREATE TABLE `inversiones` (
  `id_inversion` char(36) CHARACTER SET utf8mb4 COLLATE utf8mb4_unicode_ci NOT NULL COMMENT 'Identificador +Înico de la inversi+În (UUID)',
  `id_socio` char(36) CHARACTER SET utf8mb4 COLLATE utf8mb4_unicode_ci NOT NULL COMMENT 'FK al socio inversionista',
  `id_producto` char(36) CHARACTER SET utf8mb4 COLLATE utf8mb4_unicode_ci NOT NULL COMMENT 'FK al producto de inversi+În',
  `monto` decimal(12,2) NOT NULL COMMENT 'Monto invertido',
  `plazo_meses` int NOT NULL COMMENT 'Plazo de la inversi+În en meses',
  `tasa_interes` decimal(5,2) NOT NULL COMMENT 'Tasa de inter+Ûs anual aplicada',
  `fecha_inicio` date NOT NULL COMMENT 'Fecha de inicio de la inversi+În',
  `fecha_vencimiento` date NOT NULL COMMENT 'Fecha de vencimiento',
  `rendimiento_proyectado` decimal(12,2) DEFAULT NULL COMMENT 'Rendimiento proyectado al vencimiento',
  `estado` enum('activa','vencida','retiro_anticipado','cancelada') COLLATE utf8mb4_unicode_ci DEFAULT 'activa',
  `notificado_devolucion` tinyint(1) DEFAULT '0' COMMENT 'Indica si se notific+Î la pr+Îxima devoluci+În',
  `destino_final` enum('capital_inversion','efectivo','transferencia') CHARACTER SET utf8mb4 COLLATE utf8mb4_unicode_ci DEFAULT 'capital_inversion' COMMENT 'Destino al vencimiento: reinversion, efectivo o transferencia',
  `contrato_pdf` varchar(255) CHARACTER SET utf8mb4 COLLATE utf8mb4_unicode_ci DEFAULT NULL COMMENT 'Archivo PDF del contrato de inversi+În',
  `fecha_registro` datetime DEFAULT CURRENT_TIMESTAMP COMMENT 'Fecha de registro de la inversi+În',
  PRIMARY KEY (`id_inversion`),
  KEY `id_producto` (`id_producto`),
  KEY `idx_inversiones_estado` (`estado`),
  KEY `idx_inversiones_socio` (`id_socio`),
  CONSTRAINT `inversiones_ibfk_1` FOREIGN KEY (`id_socio`) REFERENCES `socios` (`id_socio`),
  CONSTRAINT `inversiones_ibfk_2` FOREIGN KEY (`id_producto`) REFERENCES `productos_financieros` (`id_producto`)
) ENGINE=InnoDB DEFAULT CHARSET=utf8mb4 COLLATE=utf8mb4_unicode_ci COMMENT='Inversiones a plazo fijo de los socios +—+Ó+ô capital separado de cuenta de ahorro';
/*!40101 SET character_set_client = @saved_cs_client */;

--
-- Dumping data for table `inversiones`
--

LOCK TABLES `inversiones` WRITE;
/*!40000 ALTER TABLE `inversiones` DISABLE KEYS */;
/*!40000 ALTER TABLE `inversiones` ENABLE KEYS */;
UNLOCK TABLES;

--
-- Table structure for table `multas`
--

DROP TABLE IF EXISTS `multas`;
/*!40101 SET @saved_cs_client     = @@character_set_client */;
/*!50503 SET character_set_client = utf8mb4 */;
CREATE TABLE `multas` (
  `id_multa` char(36) CHARACTER SET utf8mb4 COLLATE utf8mb4_unicode_ci NOT NULL COMMENT 'Identificador +Înico de la multa (UUID)',
  `id_socio` char(36) CHARACTER SET utf8mb4 COLLATE utf8mb4_unicode_ci NOT NULL COMMENT 'FK al socio multado',
  `id_sesion` char(36) CHARACTER SET utf8mb4 COLLATE utf8mb4_unicode_ci NOT NULL COMMENT 'FK a la sesi+În donde se gener+Î la multa',
  `tipo` enum('retraso_10min','retraso_30min','inasistencia','mora_credito','cuota_impaga','otro') COLLATE utf8mb4_unicode_ci NOT NULL DEFAULT 'otro',
  `monto` decimal(10,2) NOT NULL COMMENT 'Monto de la multa en USD',
  `estado` enum('activa','anulada','impugnada') COLLATE utf8mb4_unicode_ci DEFAULT 'activa' COMMENT 'Estado de la multa',
  `justificacion` text CHARACTER SET utf8mb4 COLLATE utf8mb4_unicode_ci COMMENT 'Justificaci+În presentada por el socio',
  `justificacion_aprobada` tinyint(1) DEFAULT '0' COMMENT 'Indica si la justificaci+În fue aprobada',
  `justificacion_pdf` varchar(255) CHARACTER SET utf8mb4 COLLATE utf8mb4_unicode_ci DEFAULT NULL COMMENT 'Archivo PDF de la justificaci+În',
  `fecha_generacion` datetime DEFAULT CURRENT_TIMESTAMP COMMENT 'Fecha de generaci+În de la multa',
  PRIMARY KEY (`id_multa`),
  UNIQUE KEY `uk_socio_sesion_tipo` (`id_socio`,`id_sesion`,`tipo`),
  KEY `id_sesiå—Èå—Õn` (`id_sesion`),
  KEY `idx_multas_socio` (`id_socio`),
  CONSTRAINT `multas_ibfk_1` FOREIGN KEY (`id_socio`) REFERENCES `socios` (`id_socio`),
  CONSTRAINT `multas_ibfk_2` FOREIGN KEY (`id_sesion`) REFERENCES `sesiones_mensuales` (`id_sesion`)
) ENGINE=InnoDB DEFAULT CHARSET=utf8mb4 COLLATE=utf8mb4_unicode_ci COMMENT='Multas generadas por inasistencia, retraso o mora +—+Ó+ô base legal Art.11 Estatuto';
/*!40101 SET character_set_client = @saved_cs_client */;

--
-- Dumping data for table `multas`
--

LOCK TABLES `multas` WRITE;
/*!40000 ALTER TABLE `multas` DISABLE KEYS */;
/*!40000 ALTER TABLE `multas` ENABLE KEYS */;
UNLOCK TABLES;

--
-- Table structure for table `notificaciones`
--

DROP TABLE IF EXISTS `notificaciones`;
/*!40101 SET @saved_cs_client     = @@character_set_client */;
/*!50503 SET character_set_client = utf8mb4 */;
CREATE TABLE `notificaciones` (
  `id_notificacion` char(36) CHARACTER SET utf8mb4 COLLATE utf8mb4_unicode_ci NOT NULL COMMENT 'Identificador +Înico de la notificaci+În (UUID)',
  `id_usuario` char(36) CHARACTER SET utf8mb4 COLLATE utf8mb4_unicode_ci DEFAULT NULL COMMENT 'FK al usuario destinatario (si es administrativo)',
  `id_socio` char(36) CHARACTER SET utf8mb4 COLLATE utf8mb4_unicode_ci DEFAULT NULL COMMENT 'FK al socio destinatario (si es socio)',
  `tipo` varchar(50) CHARACTER SET utf8mb4 COLLATE utf8mb4_unicode_ci NOT NULL COMMENT 'Tipo de notificaci+În (ej: cobro, cr+Ûdito, multa)',
  `titulo` varchar(200) CHARACTER SET utf8mb4 COLLATE utf8mb4_unicode_ci NOT NULL COMMENT 'T+Àtulo de la notificaci+În',
  `mensaje` text CHARACTER SET utf8mb4 COLLATE utf8mb4_unicode_ci NOT NULL COMMENT 'Cuerpo del mensaje',
  `leida` tinyint(1) DEFAULT '0' COMMENT 'Indica si el destinatario ley+Î la notificaci+În',
  `enviada_pusher` tinyint(1) DEFAULT '0' COMMENT 'Indica si ya se envi+Î por Pusher',
  `fecha_creacion` datetime DEFAULT CURRENT_TIMESTAMP COMMENT 'Fecha de creaci+În de la notificaci+În',
  `fecha_lectura` datetime DEFAULT NULL COMMENT 'Fecha en que se ley+Î la notificaci+În',
  `buzon` enum('entrada','archivadas','papelera') COLLATE utf8mb4_unicode_ci DEFAULT 'entrada' COMMENT 'Buzon: entrada, archivadas, papelera',
  `fecha_eliminacion` datetime DEFAULT NULL COMMENT 'Fecha en que se movio a papelera',
  PRIMARY KEY (`id_notificacion`),
  KEY `idx_notificaciones_usuario` (`id_usuario`),
  KEY `idx_notificaciones_socio` (`id_socio`),
  KEY `idx_notificaciones_leå—È-Úda` (`leida`),
  KEY `idx_buzon` (`buzon`),
  CONSTRAINT `notificaciones_ibfk_1` FOREIGN KEY (`id_usuario`) REFERENCES `usuarios` (`id_usuario`),
  CONSTRAINT `notificaciones_ibfk_2` FOREIGN KEY (`id_socio`) REFERENCES `socios` (`id_socio`)
) ENGINE=InnoDB DEFAULT CHARSET=utf8mb4 COLLATE=utf8mb4_unicode_ci COMMENT='Buzå—Èå—Õn de notificaciones persistido en BD + envå—È-Úo en tiempo real por Pusher';
/*!40101 SET character_set_client = @saved_cs_client */;

--
-- Dumping data for table `notificaciones`
--

LOCK TABLES `notificaciones` WRITE;
/*!40000 ALTER TABLE `notificaciones` DISABLE KEYS */;
/*!40000 ALTER TABLE `notificaciones` ENABLE KEYS */;
UNLOCK TABLES;

--
-- Table structure for table `obligaciones_sesion`
--

DROP TABLE IF EXISTS `obligaciones_sesion`;
/*!40101 SET @saved_cs_client     = @@character_set_client */;
/*!50503 SET character_set_client = utf8mb4 */;
CREATE TABLE `obligaciones_sesion` (
  `id_obligacion` char(36) COLLATE utf8mb4_unicode_ci NOT NULL COMMENT 'Identificador unico de la obligacion (UUID)',
  `id_sesion` char(36) COLLATE utf8mb4_unicode_ci NOT NULL COMMENT 'FK a la sesion donde se genero',
  `id_socio` char(36) COLLATE utf8mb4_unicode_ci NOT NULL COMMENT 'FK al socio',
  `tipo` enum('cuota_mensual','cuota_credito','multa','otro') COLLATE utf8mb4_unicode_ci NOT NULL COMMENT 'Tipo de obligacion',
  `concepto` varchar(255) COLLATE utf8mb4_unicode_ci NOT NULL COMMENT 'Descripcion detallada de la obligacion',
  `monto` decimal(12,2) NOT NULL COMMENT 'Monto a pagar',
  `id_referencia` char(36) COLLATE utf8mb4_unicode_ci DEFAULT NULL COMMENT 'FK a amortizacion, multa, etc',
  `pagada` tinyint(1) DEFAULT '0' COMMENT 'Indica si ya fue pagada',
  `id_cobro` char(36) COLLATE utf8mb4_unicode_ci DEFAULT NULL COMMENT 'FK al cobro cuando se paga',
  `fecha_registro` datetime DEFAULT CURRENT_TIMESTAMP COMMENT 'Fecha de creacion',
  PRIMARY KEY (`id_obligacion`),
  UNIQUE KEY `uk_sesion_socio_tipo_ref` (`id_sesion`,`id_socio`,`tipo`,`id_referencia`),
  KEY `id_sesion` (`id_sesion`),
  KEY `id_socio` (`id_socio`),
  CONSTRAINT `obligaciones_sesion_ibfk_1` FOREIGN KEY (`id_sesion`) REFERENCES `sesiones_mensuales` (`id_sesion`),
  CONSTRAINT `obligaciones_sesion_ibfk_2` FOREIGN KEY (`id_socio`) REFERENCES `socios` (`id_socio`)
) ENGINE=InnoDB DEFAULT CHARSET=utf8mb4 COLLATE=utf8mb4_unicode_ci COMMENT='Obligaciones de pago generadas al abrir una sesion åú— calculadas segun fecha de reunion';
/*!40101 SET character_set_client = @saved_cs_client */;

--
-- Dumping data for table `obligaciones_sesion`
--

LOCK TABLES `obligaciones_sesion` WRITE;
/*!40000 ALTER TABLE `obligaciones_sesion` DISABLE KEYS */;
/*!40000 ALTER TABLE `obligaciones_sesion` ENABLE KEYS */;
UNLOCK TABLES;

--
-- Table structure for table `parametros`
--

DROP TABLE IF EXISTS `parametros`;
/*!40101 SET @saved_cs_client     = @@character_set_client */;
/*!50503 SET character_set_client = utf8mb4 */;
CREATE TABLE `parametros` (
  `id_parametro` int NOT NULL AUTO_INCREMENT COMMENT 'Identificador num+Ûrico del par+Úmetro',
  `codigo` varchar(50) CHARACTER SET utf8mb4 COLLATE utf8mb4_unicode_ci NOT NULL COMMENT 'C+Îdigo +Înico del par+Úmetro (ej: tasa_inter+Ûs_cr+Ûdito)',
  `nombre` varchar(100) CHARACTER SET utf8mb4 COLLATE utf8mb4_unicode_ci NOT NULL COMMENT 'Nombre descriptivo del par+Úmetro',
  `valor` varchar(255) CHARACTER SET utf8mb4 COLLATE utf8mb4_unicode_ci NOT NULL COMMENT 'Valor del par+Úmetro',
  `tipo` enum('texto','numero','decimal','booleano','color') COLLATE utf8mb4_unicode_ci DEFAULT 'texto',
  `modulo` enum('general','financiero','seguridad','imagen') CHARACTER SET utf8mb4 COLLATE utf8mb4_unicode_ci DEFAULT 'general' COMMENT 'M+Îdulo al que pertenece el par+Úmetro',
  `editable` tinyint(1) DEFAULT '1' COMMENT 'Indica si el par+Úmetro puede ser editado desde el panel',
  PRIMARY KEY (`id_parametro`),
  UNIQUE KEY `cå—Èå—Õdigo` (`codigo`)
) ENGINE=InnoDB AUTO_INCREMENT=24 DEFAULT CHARSET=utf8mb4 COLLATE=utf8mb4_unicode_ci COMMENT='Parå—È+Àmetros configurables del sistema';
/*!40101 SET character_set_client = @saved_cs_client */;

--
-- Dumping data for table `parametros`
--

LOCK TABLES `parametros` WRITE;
/*!40000 ALTER TABLE `parametros` DISABLE KEYS */;
INSERT INTO `parametros` VALUES (1,'tasa_interes_credito','Tasa de inter+Ûs para cr+Ûditos','6.00','decimal','financiero',1),(2,'m+Ûtodo_inter+Ûs_default','M+Ûtodo de inter+Ûs por defecto','simple','texto','financiero',1),(3,'tasa_inter+Ûs_ahorro','Tasa de inter+Ûs sobre ahorros','0.00','decimal','financiero',1),(4,'tasa_interes_inversion','Tasa de inter+Ûs para inversiones','6.00','decimal','financiero',1),(5,'aporte_obligatorio_mensual','Aporte obligatorio mensual','10.00','decimal','financiero',1),(6,'cuota_ingreso','Cuota +Înica de ingreso','20.00','decimal','financiero',1),(7,'multa_retraso_10min','Multa retraso 10-30 minutos','1.00','decimal','financiero',1),(8,'multa_retraso_30min','Multa retraso >=30 minutos','5.00','decimal','financiero',1),(9,'multa_inasistencia','Multa por inasistencia','5.00','decimal','financiero',1),(10,'multa_mora_credito','Multa por mora de cr+Ûdito','5.00','decimal','financiero',1),(11,'limite_credito_emergente','L+Àmite cr+Ûdito emergente','300.00','decimal','financiero',1),(12,'plazo_minimo_inversion','Plazo m+Ànimo inversi+În (meses)','6','numero','financiero',1),(13,'intentos_max_login','Intentos m+Úximo de login','3','numero','seguridad',1),(14,'bloqueo_minutos','Minutos de bloqueo','15','numero','seguridad',1),(15,'session_timeout_minutos','Timeout de sesi+În (minutos)','30','numero','seguridad',1),(16,'pin_2fa_digitos','D+Àgitos del PIN 2FA','6','numero','seguridad',1),(17,'pin_2fa_expiracion_min','Expiraci+În PIN 2FA (minutos)','5','numero','seguridad',1),(18,'max_reenvio_pin_hora','M+Úximo reenv+Àos PIN por hora','3','numero','seguridad',1),(19,'logo_sidebar','Logo del sidebar','ca62b9e0-de01-42cc-9bb6-0826f49dce00','texto','imagen',1),(20,'logo_sd','Logo sin fondo','d9433f2e-ffa1-48c9-bf86-b338e6796ff2','texto','imagen',1),(21,'retencion_papelera_dias','Retencion papelera (dias)','30','numero','seguridad',1),(22,'multa_cuota_impaga','Multa por cuota mensual impaga','2.00','decimal','financiero',1),(23,'abrev_caja','Abreviatura Caja','P&S','texto','imagen',1);
/*!40000 ALTER TABLE `parametros` ENABLE KEYS */;
UNLOCK TABLES;

--
-- Table structure for table `permisos`
--

DROP TABLE IF EXISTS `permisos`;
/*!40101 SET @saved_cs_client     = @@character_set_client */;
/*!50503 SET character_set_client = utf8mb4 */;
CREATE TABLE `permisos` (
  `id_permiso` int NOT NULL AUTO_INCREMENT COMMENT 'Identificador num+Ûrico del permiso',
  `codigo` varchar(100) CHARACTER SET utf8mb4 COLLATE utf8mb4_unicode_ci NOT NULL COMMENT 'C+Îdigo +Înico del permiso (ej: socio.registrar)',
  `nombre` varchar(100) CHARACTER SET utf8mb4 COLLATE utf8mb4_unicode_ci NOT NULL COMMENT 'Nombre descriptivo del permiso',
  `descripcion` varchar(255) CHARACTER SET utf8mb4 COLLATE utf8mb4_unicode_ci DEFAULT NULL COMMENT 'Descripci+În detallada del alcance del permiso',
  PRIMARY KEY (`id_permiso`),
  UNIQUE KEY `cå—Èå—Õdigo` (`codigo`)
) ENGINE=InnoDB AUTO_INCREMENT=32 DEFAULT CHARSET=utf8mb4 COLLATE=utf8mb4_unicode_ci COMMENT='Catå—È+Àlogo de permisos disponibles en el sistema';
/*!40101 SET character_set_client = @saved_cs_client */;

--
-- Dumping data for table `permisos`
--

LOCK TABLES `permisos` WRITE;
/*!40000 ALTER TABLE `permisos` DISABLE KEYS */;
INSERT INTO `permisos` VALUES (1,'auth.login','Ingresar al sistema','Permite iniciar sesi+În en el sistema'),(2,'auth.ver_2fa','Acceder con 2FA','Permite acceder con autenticaci+În de dos factores'),(3,'socio.registrar','Registrar nuevo socio','Permite registrar un nuevo socio en el sistema'),(4,'socio.editar','Editar datos de socio','Permite modificar los datos de un socio existente'),(5,'socio.cambiar_estado','Cambiar estado del socio','Permite cambiar el estado de un socio en su ciclo de vida'),(6,'socio.consultar','Consultar lista de socios','Permite consultar el listado de socios registrados'),(7,'socio.ver_financiero','Ver datos financieros del socio','Permite visualizar la informaci+În financiera del socio'),(8,'param.usuarios','Gestionar usuarios del sistema','CRUD completo de usuarios del sistema'),(9,'param.roles','Gestionar roles y permisos','Crear, editar y eliminar roles con permisos personalizados'),(10,'param.imagen','Configurar imagen corporativa','Gestionar logo, colores, membrete y raz+În social'),(11,'param.catalogos','Editar cat+Úlogos','Gestionar provincias, cantones y entidades p+Îblicas'),(12,'param.financiero','Configurar par+Úmetros financieros','Configurar tasas, montos, plazos y m+Ûtodos de inter+Ûs'),(13,'producto.crear','Crear productos financieros','Crear nuevos productos de cr+Ûdito e inversi+În'),(14,'producto.editar','Editar productos','Modificar productos financieros existentes'),(15,'producto.activar','Activar/desactivar productos','Activar o desactivar productos financieros'),(16,'cobro.aporte','Registrar cobro de aporte','Registrar cobro de aporte obligatorio y voluntario'),(17,'cobro.cuota_credito','Registrar cobro de cuota de cr+Ûdito','Registrar cobro de cuotas de cr+Ûdito'),(18,'cobro.multa','Registrar cobro de multa','Registrar cobro de multas generadas'),(19,'cobro.inversion','Registrar inversi+În voluntaria','Registrar apertura de inversi+În a plazo fijo'),(20,'cobro.desembolso','Realizar desembolso de cr+Ûdito','Ejecutar el desembolso de un cr+Ûdito aprobado'),(21,'cobro.anular','Anular cobro registrado','Anular un cobro previamente registrado'),(22,'cobro.cierre_sesion','Ejecutar cierre de sesi+În mensual','Cerrar la sesi+În mensual con generaci+În de acta'),(23,'calculo.intereses','Ejecutar c+Úlculo de intereses','Calcular intereses de cr+Ûditos, ahorros e inversiones'),(24,'calculo.excedentes','Calcular distribuci+În de excedentes','Calcular la distribuci+În de excedentes entre los socios'),(25,'calculo.aprobar_excedentes','Aprobar distribuci+În de excedentes','Aprobar la distribuci+În de excedentes calculada'),(26,'reporte.socios','Generar reportes de socios','Generar reportes del m+Îdulo de socios'),(27,'reporte.financiero','Generar reportes financieros','Generar reportes del m+Îdulo financiero'),(28,'reporte.cobros','Generar reportes de cobros','Generar reportes del m+Îdulo de cobros'),(29,'credito.aprobar','Aprobar/rechazar creditos','Permite aprobar o rechazar solicitudes de credito en la bandeja de aprobacion'),(30,'multa.impugnar','Impugnar multas','Permite autorizar la impugnacion de multas presentadas por los socios'),(31,'multa.autorizar_impugnacion','Autorizar impugnacion','Permite autorizar o rechazar impugnaciones de multas presentadas por los socios');
/*!40000 ALTER TABLE `permisos` ENABLE KEYS */;
UNLOCK TABLES;

--
-- Table structure for table `productos_financieros`
--

DROP TABLE IF EXISTS `productos_financieros`;
/*!40101 SET @saved_cs_client     = @@character_set_client */;
/*!50503 SET character_set_client = utf8mb4 */;
CREATE TABLE `productos_financieros` (
  `id_producto` char(36) CHARACTER SET utf8mb4 COLLATE utf8mb4_unicode_ci NOT NULL COMMENT 'Identificador +Înico del producto financiero (UUID)',
  `nombre` varchar(100) CHARACTER SET utf8mb4 COLLATE utf8mb4_unicode_ci NOT NULL COMMENT 'Nombre del producto (ej: Cr+Ûdito Ordinario, Inversi+În 6 Meses)',
  `tipo` enum('credito','inversion') COLLATE utf8mb4_unicode_ci NOT NULL,
  `tasa_interes_anual` decimal(5,2) NOT NULL DEFAULT '6.00' COMMENT 'Tasa de inter+Ûs anual en porcentaje',
  `metodo_interes` enum('simple','frances','aleman') COLLATE utf8mb4_unicode_ci DEFAULT 'simple',
  `plazo_min_meses` int NOT NULL COMMENT 'Plazo m+Ànimo en meses',
  `plazo_max_meses` int NOT NULL COMMENT 'Plazo m+Úximo en meses',
  `dias_gracia` int DEFAULT '0' COMMENT 'Dias de gracia para primera cuota despues de aprobacion',
  `monto_min` decimal(10,2) NOT NULL COMMENT 'Monto m+Ànimo del producto',
  `monto_max` decimal(10,2) NOT NULL COMMENT 'Monto m+Úximo del producto',
  `requiere_garante` tinyint(1) DEFAULT '0' COMMENT 'Indica si el producto requiere garante',
  `penalidad_retiro_anticipado` decimal(5,2) DEFAULT '0.00' COMMENT 'Penalidad por retiro anticipado (%)',
  `activo` tinyint(1) DEFAULT '1' COMMENT 'Indica si el producto est+Ú activo para nuevas solicitudes',
  `fecha_creacion` datetime DEFAULT CURRENT_TIMESTAMP COMMENT 'Fecha de creaci+În del producto',
  `condiciones_html` text CHARACTER SET utf8mb4 COLLATE utf8mb4_unicode_ci COMMENT 'Condiciones generales del credito en HTML (WYSIWYG)',
  `min_permanencia_meses` int DEFAULT '0' COMMENT 'Minimo de permanencia como socio activo (meses)',
  `min_ahorro` decimal(10,2) DEFAULT '0.00' COMMENT 'Minimo de ahorro acumulado requerido',
  `min_ahorro_unidad` enum('dolares','porcentaje') COLLATE utf8mb4_unicode_ci DEFAULT 'dolares' COMMENT 'Unidad del ahorro minimo: dolares fijo o porcentaje del credito',
  `es_emergente` tinyint(1) DEFAULT '0' COMMENT 'Si es credito emergente (no requiere sesion de aprobacion)',
  `monto_max_emergente` decimal(10,2) DEFAULT '0.00' COMMENT 'Monto maximo para credito emergente',
  `min_destino_caracteres` int DEFAULT '0' COMMENT 'Minimo de caracteres para el campo destino del credito',
  `min_permanencia_valor` int DEFAULT '0' COMMENT 'Valor de permanencia minima',
  `min_permanencia_unidad` enum('dias','meses','anios') COLLATE utf8mb4_unicode_ci DEFAULT 'meses' COMMENT 'Unidad de permanencia minima',
  `requiere_documento_firmado` tinyint(1) DEFAULT '1' COMMENT 'Si requiere documento firmado escaneado antes del desembolso',
  PRIMARY KEY (`id_producto`),
  KEY `idx_productos_tipo` (`tipo`),
  KEY `idx_productos_activo` (`activo`)
) ENGINE=InnoDB DEFAULT CHARSET=utf8mb4 COLLATE=utf8mb4_unicode_ci COMMENT='Catå—È+Àlogo de productos financieros parametrizables por el Analista Financiero';
/*!40101 SET character_set_client = @saved_cs_client */;

--
-- Dumping data for table `productos_financieros`
--

LOCK TABLES `productos_financieros` WRITE;
/*!40000 ALTER TABLE `productos_financieros` DISABLE KEYS */;
INSERT INTO `productos_financieros` VALUES ('95f3f25d-542c-455c-a160-c65b99b9e778','Cr+Ûdito Ordinario','credito',6.00,'simple',1,12,30,50.00,1000.00,0,0.00,1,'2026-06-09 16:32:07','<p><b>Condiciones de Cr+Ûdito</b></p><p><b>Denominaci+În:</b> Cr+Ûdito Ordinario</p><p>Estas son las condiciones del producto de cr+Ûdito.</p><p>De aceptar estas condiciones.</p><p>Atentamente,</p><p>La Administraci+În.</p>',0,50.00,'porcentaje',0,0.00,15,6,'meses',1),('b53305e5-5102-49c0-9176-d164d3e98c58','Inversi+În 3 meses','inversion',6.00,'simple',3,3,0,50.00,5000.00,0,5.00,1,'2026-06-06 14:16:51','<p><br></p>',0,0.00,'dolares',0,0.00,0,0,'meses',1);
/*!40000 ALTER TABLE `productos_financieros` ENABLE KEYS */;
UNLOCK TABLES;

--
-- Table structure for table `provincias`
--

DROP TABLE IF EXISTS `provincias`;
/*!40101 SET @saved_cs_client     = @@character_set_client */;
/*!50503 SET character_set_client = utf8mb4 */;
CREATE TABLE `provincias` (
  `id_provincia` int NOT NULL AUTO_INCREMENT COMMENT 'Identificador num+Ûrico de la provincia',
  `nombre` varchar(100) CHARACTER SET utf8mb4 COLLATE utf8mb4_unicode_ci NOT NULL COMMENT 'Nombre de la provincia',
  PRIMARY KEY (`id_provincia`)
) ENGINE=InnoDB AUTO_INCREMENT=3 DEFAULT CHARSET=utf8mb4 COLLATE=utf8mb4_unicode_ci COMMENT='Catå—È+Àlogo de provincias del Ecuador';
/*!40101 SET character_set_client = @saved_cs_client */;

--
-- Dumping data for table `provincias`
--

LOCK TABLES `provincias` WRITE;
/*!40000 ALTER TABLE `provincias` DISABLE KEYS */;
INSERT INTO `provincias` VALUES (1,'Pichincha'),(2,'Imbabura');
/*!40000 ALTER TABLE `provincias` ENABLE KEYS */;
UNLOCK TABLES;

--
-- Table structure for table `roles`
--

DROP TABLE IF EXISTS `roles`;
/*!40101 SET @saved_cs_client     = @@character_set_client */;
/*!50503 SET character_set_client = utf8mb4 */;
CREATE TABLE `roles` (
  `id_rol` int NOT NULL AUTO_INCREMENT COMMENT 'Identificador num+Ûrico del rol',
  `nombre` varchar(50) CHARACTER SET utf8mb4 COLLATE utf8mb4_unicode_ci NOT NULL COMMENT 'Nombre personalizable del rol (ej: Presidente, Tesorero)',
  `descripcion` varchar(255) CHARACTER SET utf8mb4 COLLATE utf8mb4_unicode_ci DEFAULT NULL COMMENT 'Descripci+În de las funciones del rol',
  `endosable` tinyint(1) DEFAULT '0' COMMENT 'Si es TRUE, este rol puede acumular permisos de otros roles',
  PRIMARY KEY (`id_rol`),
  UNIQUE KEY `nombre` (`nombre`)
) ENGINE=InnoDB AUTO_INCREMENT=8 DEFAULT CHARSET=utf8mb4 COLLATE=utf8mb4_unicode_ci COMMENT='Roles del sistema +—+Ó+ô 100% personalizables desde el panel de administraciå—Èå—Õn';
/*!40101 SET character_set_client = @saved_cs_client */;

--
-- Dumping data for table `roles`
--

LOCK TABLES `roles` WRITE;
/*!40000 ALTER TABLE `roles` DISABLE KEYS */;
INSERT INTO `roles` VALUES (1,'Administrador T+Ûcnico','Gobierna usuarios, roles, permisos e imagen corporativa. Sin acceso financiero',0),(2,'Presidente','Representante legal, convocatorias, supervisi+În, firma de certificados',0),(3,'Analista Financiero','Configura productos financieros, par+Úmetros, c+Úlculos y distribuci+În de excedentes',1),(4,'Tesorero','Ejecuci+În financiera diaria: cobros, desembolsos, cierre de sesi+În',0),(5,'Asistente de Tesorer+Àa','Apoyo en cobros de aportes, cuotas y multas',0),(6,'Socio','Acceso al portal personal: consultas, solicitudes, comprobantes',0),(7,'Secretario/a','Gesti+În documental, registro de socios, certificados, actas y convocatorias',0);
/*!40000 ALTER TABLE `roles` ENABLE KEYS */;
UNLOCK TABLES;

--
-- Table structure for table `roles_permisos`
--

DROP TABLE IF EXISTS `roles_permisos`;
/*!40101 SET @saved_cs_client     = @@character_set_client */;
/*!50503 SET character_set_client = utf8mb4 */;
CREATE TABLE `roles_permisos` (
  `id_rol` int NOT NULL COMMENT 'FK al ID del rol',
  `id_permiso` int NOT NULL COMMENT 'FK al ID del permiso',
  `permitir` tinyint(1) DEFAULT '1' COMMENT 'TRUE = concedido, FALSE = denegado expl+Àcitamente',
  PRIMARY KEY (`id_rol`,`id_permiso`),
  KEY `id_permiso` (`id_permiso`),
  CONSTRAINT `roles_permisos_ibfk_1` FOREIGN KEY (`id_rol`) REFERENCES `roles` (`id_rol`) ON DELETE CASCADE,
  CONSTRAINT `roles_permisos_ibfk_2` FOREIGN KEY (`id_permiso`) REFERENCES `permisos` (`id_permiso`) ON DELETE CASCADE
) ENGINE=InnoDB DEFAULT CHARSET=utf8mb4 COLLATE=utf8mb4_unicode_ci COMMENT='Matriz de permisos asignados a cada rol (gestiå—Èå—Õn por checkboxes)';
/*!40101 SET character_set_client = @saved_cs_client */;

--
-- Dumping data for table `roles_permisos`
--

LOCK TABLES `roles_permisos` WRITE;
/*!40000 ALTER TABLE `roles_permisos` DISABLE KEYS */;
INSERT INTO `roles_permisos` VALUES (1,1,1),(1,2,1),(1,6,1),(1,7,1),(1,8,1),(1,9,1),(1,10,1),(1,11,1),(1,26,1),(2,1,1),(2,2,1),(2,3,1),(2,4,1),(2,5,1),(2,6,1),(2,7,1),(2,21,1),(2,22,1),(2,25,1),(2,26,1),(2,27,1),(2,28,1),(2,29,1),(3,1,1),(3,2,1),(3,4,1),(3,6,1),(3,7,1),(3,12,1),(3,13,1),(3,14,1),(3,15,1),(3,21,1),(3,22,1),(3,23,1),(3,24,1),(3,26,1),(3,27,1),(3,28,1),(4,1,1),(4,2,1),(4,3,1),(4,4,1),(4,6,1),(4,7,1),(4,16,1),(4,17,1),(4,18,1),(4,19,1),(4,20,1),(4,21,1),(4,22,1),(4,26,1),(4,27,1),(4,28,1),(4,29,1),(4,30,1),(5,1,1),(5,6,1),(5,7,1),(5,16,1),(5,17,1),(5,18,1),(5,19,1),(5,26,1),(5,28,1),(6,1,1),(7,1,1),(7,2,1),(7,3,1),(7,4,1),(7,5,1),(7,6,1),(7,7,1),(7,16,1),(7,26,1),(7,30,1),(7,31,1);
/*!40000 ALTER TABLE `roles_permisos` ENABLE KEYS */;
UNLOCK TABLES;

--
-- Table structure for table `roles_usuarios`
--

DROP TABLE IF EXISTS `roles_usuarios`;
/*!40101 SET @saved_cs_client     = @@character_set_client */;
/*!50503 SET character_set_client = utf8mb4 */;
CREATE TABLE `roles_usuarios` (
  `id_usuario` char(36) CHARACTER SET utf8mb4 COLLATE utf8mb4_unicode_ci NOT NULL COMMENT 'FK al UUID del usuario',
  `id_rol` int NOT NULL COMMENT 'FK al ID del rol',
  PRIMARY KEY (`id_usuario`,`id_rol`),
  KEY `id_rol` (`id_rol`),
  CONSTRAINT `roles_usuarios_ibfk_1` FOREIGN KEY (`id_usuario`) REFERENCES `usuarios` (`id_usuario`) ON DELETE CASCADE,
  CONSTRAINT `roles_usuarios_ibfk_2` FOREIGN KEY (`id_rol`) REFERENCES `roles` (`id_rol`) ON DELETE CASCADE
) ENGINE=InnoDB DEFAULT CHARSET=utf8mb4 COLLATE=utf8mb4_unicode_ci COMMENT='Asignaciå—Èå—Õn de roles a usuarios (relaciå—Èå—Õn muchos-a-muchos)';
/*!40101 SET character_set_client = @saved_cs_client */;

--
-- Dumping data for table `roles_usuarios`
--

LOCK TABLES `roles_usuarios` WRITE;
/*!40000 ALTER TABLE `roles_usuarios` DISABLE KEYS */;
INSERT INTO `roles_usuarios` VALUES ('ce86e169-fa0a-468d-bb04-ca7b8c7a5291',1),('516363c5-c79a-4491-83b4-b8303ce1f286',2),('ce86e169-fa0a-468d-bb04-ca7b8c7a5291',2),('516363c5-c79a-4491-83b4-b8303ce1f286',3),('ce86e169-fa0a-468d-bb04-ca7b8c7a5291',3),('516363c5-c79a-4491-83b4-b8303ce1f286',4),('ce86e169-fa0a-468d-bb04-ca7b8c7a5291',4),('ce86e169-fa0a-468d-bb04-ca7b8c7a5291',5),('1673019a-c66d-4bb8-9158-1729fa6b064a',6),('516363c5-c79a-4491-83b4-b8303ce1f286',7),('ce86e169-fa0a-468d-bb04-ca7b8c7a5291',7);
/*!40000 ALTER TABLE `roles_usuarios` ENABLE KEYS */;
UNLOCK TABLES;

--
-- Table structure for table `sesiones_mensuales`
--

DROP TABLE IF EXISTS `sesiones_mensuales`;
/*!40101 SET @saved_cs_client     = @@character_set_client */;
/*!50503 SET character_set_client = utf8mb4 */;
CREATE TABLE `sesiones_mensuales` (
  `id_sesion` char(36) CHARACTER SET utf8mb4 COLLATE utf8mb4_unicode_ci NOT NULL COMMENT 'Identificador +Înico de la sesi+În mensual (UUID)',
  `numero_sesion` int NOT NULL COMMENT 'N+Îmero correlativo de la sesi+În mensual',
  `fecha_sesion` date DEFAULT NULL COMMENT 'Fecha programada de la reunion (corte para calculo de obligaciones)',
  `titulo` varchar(100) CHARACTER SET utf8mb4 COLLATE utf8mb4_unicode_ci DEFAULT NULL COMMENT 'T+Àtulo o nombre de la sesi+În',
  `estado` enum('abierta','cerrada') CHARACTER SET utf8mb4 COLLATE utf8mb4_unicode_ci DEFAULT 'abierta' COMMENT 'Estado de la sesi+În: abierta (en curso) o cerrada (finalizada)',
  `fecha_apertura` datetime DEFAULT CURRENT_TIMESTAMP COMMENT 'Fecha y hora de apertura de la sesi+În',
  `fecha_cierre` datetime DEFAULT NULL COMMENT 'Fecha y hora de cierre de la sesi+În',
  `usuario_cierre` char(36) CHARACTER SET utf8mb4 COLLATE utf8mb4_unicode_ci DEFAULT NULL COMMENT 'Usuario que ejecut+Î el cierre de sesi+În',
  `acta_cierre_pdf` varchar(255) CHARACTER SET utf8mb4 COLLATE utf8mb4_unicode_ci DEFAULT NULL COMMENT 'Archivo PDF del acta de cierre',
  `total_recaudado` decimal(12,2) DEFAULT '0.00' COMMENT 'Total recaudado en la sesi+În',
  `total_desembolsado` decimal(12,2) DEFAULT '0.00' COMMENT 'Total desembolsado en la sesi+În',
  `saldo_caja` decimal(12,2) DEFAULT '0.00' COMMENT 'Saldo final de caja (recaudado - desembolsado)',
  PRIMARY KEY (`id_sesion`),
  KEY `usuario_cierre` (`usuario_cierre`),
  CONSTRAINT `sesiones_mensuales_ibfk_1` FOREIGN KEY (`usuario_cierre`) REFERENCES `usuarios` (`id_usuario`)
) ENGINE=InnoDB DEFAULT CHARSET=utf8mb4 COLLATE=utf8mb4_unicode_ci COMMENT='Sesiones mensuales de cobro y check-in +—+Ó+ô nå—Èå·Ìcleo operativo del sistema';
/*!40101 SET character_set_client = @saved_cs_client */;

--
-- Dumping data for table `sesiones_mensuales`
--

LOCK TABLES `sesiones_mensuales` WRITE;
/*!40000 ALTER TABLE `sesiones_mensuales` DISABLE KEYS */;
/*!40000 ALTER TABLE `sesiones_mensuales` ENABLE KEYS */;
UNLOCK TABLES;

--
-- Table structure for table `socios`
--

DROP TABLE IF EXISTS `socios`;
/*!40101 SET @saved_cs_client     = @@character_set_client */;
/*!50503 SET character_set_client = utf8mb4 */;
CREATE TABLE `socios` (
  `id_socio` char(36) CHARACTER SET utf8mb4 COLLATE utf8mb4_unicode_ci NOT NULL COMMENT 'Identificador +Înico del socio (UUID)',
  `cedula` varchar(10) CHARACTER SET utf8mb4 COLLATE utf8mb4_unicode_ci NOT NULL COMMENT 'C+Ûdula de identidad ecuatoriana (10 d+Àgitos, d+Àgito verificador)',
  `apellido1` varchar(50) CHARACTER SET utf8mb4 COLLATE utf8mb4_unicode_ci NOT NULL COMMENT 'Primer apellido (may+Îsculas)',
  `apellido2` varchar(50) CHARACTER SET utf8mb4 COLLATE utf8mb4_unicode_ci DEFAULT NULL COMMENT 'Segundo apellido (may+Îsculas)',
  `nombre1` varchar(50) CHARACTER SET utf8mb4 COLLATE utf8mb4_unicode_ci NOT NULL COMMENT 'Primer nombre (may+Îsculas)',
  `nombre2` varchar(50) CHARACTER SET utf8mb4 COLLATE utf8mb4_unicode_ci DEFAULT NULL COMMENT 'Segundo nombre (may+Îsculas)',
  `fecha_nacimiento` date NOT NULL COMMENT 'Fecha de nacimiento',
  `genero` enum('masculino','femenino') CHARACTER SET utf8mb4 COLLATE utf8mb4_unicode_ci NOT NULL COMMENT 'G+Ûnero del socio',
  `estado_civil` enum('soltero','casado','divorciado','viudo','union_libre') COLLATE utf8mb4_unicode_ci DEFAULT 'soltero',
  `direccion` varchar(200) CHARACTER SET utf8mb4 COLLATE utf8mb4_unicode_ci NOT NULL COMMENT 'Direcci+În de residencia',
  `telefono` varchar(15) CHARACTER SET utf8mb4 COLLATE utf8mb4_unicode_ci DEFAULT NULL COMMENT 'N+Îmero de tel+Ûfono fijo',
  `celular` varchar(15) CHARACTER SET utf8mb4 COLLATE utf8mb4_unicode_ci NOT NULL COMMENT 'N+Îmero de celular',
  `correo_electronico` varchar(100) CHARACTER SET utf8mb4 COLLATE utf8mb4_unicode_ci NOT NULL COMMENT 'Correo electr+Înico (validado con PIN 6 d+Àgitos)',
  `profesion` varchar(100) CHARACTER SET utf8mb4 COLLATE utf8mb4_unicode_ci DEFAULT NULL COMMENT 'Profesi+În u ocupaci+În',
  `foto_url` varchar(255) CHARACTER SET utf8mb4 COLLATE utf8mb4_unicode_ci DEFAULT NULL COMMENT 'URL de la fotograf+Àa del socio',
  `documento_identidad_anverso` varchar(255) CHARACTER SET utf8mb4 COLLATE utf8mb4_unicode_ci DEFAULT NULL COMMENT 'Archivo PDF/JPG del anverso de la c+Ûdula',
  `documento_identidad_reverso` varchar(255) CHARACTER SET utf8mb4 COLLATE utf8mb4_unicode_ci DEFAULT NULL COMMENT 'Archivo PDF/JPG del reverso de la c+Ûdula',
  `estado` enum('pendiente','pre_activo','activo','suspendido','retiro_voluntario','excluido','fallecido') CHARACTER SET utf8mb4 COLLATE utf8mb4_unicode_ci DEFAULT 'pendiente' COMMENT 'Estado actual del socio en el ciclo de vida',
  `fecha_ingreso` date NOT NULL COMMENT 'Fecha de solicitud de ingreso',
  `fecha_aprobacion` date DEFAULT NULL COMMENT 'Fecha de aprobaci+În por la Asamblea',
  `numero_acta_aprobacion` varchar(20) CHARACTER SET utf8mb4 COLLATE utf8mb4_unicode_ci DEFAULT NULL COMMENT 'N+Îmero de acta de la Asamblea que aprob+Î el ingreso',
  `acta_aprobacion_pdf` varchar(255) CHARACTER SET utf8mb4 COLLATE utf8mb4_unicode_ci DEFAULT NULL COMMENT 'Archivo PDF del acta de aprobaci+În',
  `observaciones` text CHARACTER SET utf8mb4 COLLATE utf8mb4_unicode_ci COMMENT 'Observaciones generales del socio',
  `fecha_retiro` date DEFAULT NULL COMMENT 'Fecha de retiro voluntario',
  `motivo_retiro` varchar(300) CHARACTER SET utf8mb4 COLLATE utf8mb4_unicode_ci DEFAULT NULL COMMENT 'Motivo del retiro voluntario',
  `fecha_exclusion` date DEFAULT NULL COMMENT 'Fecha de exclusi+În (Art.14 Estatuto)',
  `motivo_exclusion` varchar(300) CHARACTER SET utf8mb4 COLLATE utf8mb4_unicode_ci DEFAULT NULL COMMENT 'Motivo de la exclusi+În',
  `menor_edad` tinyint(1) DEFAULT '0' COMMENT 'Indica si el socio es menor de edad',
  `representante_nombres` varchar(100) CHARACTER SET utf8mb4 COLLATE utf8mb4_unicode_ci DEFAULT NULL COMMENT 'Nombres del representante legal (menores de edad)',
  `representante_cedula` varchar(10) CHARACTER SET utf8mb4 COLLATE utf8mb4_unicode_ci DEFAULT NULL COMMENT 'C+Ûdula del representante legal',
  `representante_telefono` varchar(15) CHARACTER SET utf8mb4 COLLATE utf8mb4_unicode_ci DEFAULT NULL COMMENT 'Tel+Ûfono del representante legal',
  `representante_correo` varchar(100) CHARACTER SET utf8mb4 COLLATE utf8mb4_unicode_ci DEFAULT NULL COMMENT 'Correo del representante legal',
  `representante_documento_pdf` varchar(255) CHARACTER SET utf8mb4 COLLATE utf8mb4_unicode_ci DEFAULT NULL COMMENT 'Documento legal del representante (PDF)',
  `hash_integridad` varchar(64) CHARACTER SET utf8mb4 COLLATE utf8mb4_unicode_ci DEFAULT NULL COMMENT 'SHA-256 de integridad del registro',
  `fecha_creacion` datetime DEFAULT CURRENT_TIMESTAMP COMMENT 'Fecha de creaci+În del registro',
  PRIMARY KEY (`id_socio`),
  UNIQUE KEY `cå—È-¨dula` (`cedula`),
  UNIQUE KEY `correo_electrå—Èå—Õnico` (`correo_electronico`),
  KEY `idx_socios_cå—È-¨dula` (`cedula`),
  KEY `idx_socios_correo` (`correo_electronico`),
  KEY `idx_socios_estado` (`estado`),
  KEY `idx_socios_apellidos` (`apellido1`,`apellido2`),
  KEY `idx_socios_nombres` (`nombre1`,`nombre2`)
) ENGINE=InnoDB DEFAULT CHARSET=utf8mb4 COLLATE=utf8mb4_unicode_ci COMMENT='Registro de socios de la Caja de Ahorro con datos personales, estado y representaciå—Èå—Õn';
/*!40101 SET character_set_client = @saved_cs_client */;

--
-- Dumping data for table `socios`
--

LOCK TABLES `socios` WRITE;
/*!40000 ALTER TABLE `socios` DISABLE KEYS */;
INSERT INTO `socios` VALUES ('00e16557-e3cf-4738-8516-7f3fb6ddb96d','1755566677','SANCHEZ','TORRES','PEDRO','ANDR+ŠS','1992-11-30','masculino','soltero','Av. Central 789','023456789','0987654321','pedro.sanchez@email.com','Profesor',NULL,NULL,NULL,'activo','2026-06-06',NULL,NULL,NULL,NULL,NULL,NULL,NULL,NULL,0,NULL,NULL,NULL,NULL,NULL,NULL,'2026-06-06 14:16:51'),('32d4ffda-eec7-4299-885f-f320557da01e','1766677788','VARGAS','CRUZ','CARLOS','MANUEL','1975-07-18','masculino','casado','Av. Sur 654','025678901','0965432109','carlos.vargas@email.com','Abogado',NULL,NULL,NULL,'activo','2026-06-06',NULL,NULL,NULL,NULL,NULL,NULL,NULL,NULL,0,NULL,NULL,NULL,NULL,NULL,NULL,'2026-06-06 14:16:51'),('392cced6-d52b-464b-9829-51aa9ce12468','1002003000','CARRANCO','GONZALEZ','GAVINO','ALEXANDER','1983-01-19','masculino',NULL,'IBARRA','062640879','0996755645','gcarranco@hotmail.com','Msc.','foto_392cced6.jpg',NULL,NULL,'activo','2026-06-06','2026-06-06','1','acta_aprobacion_392cced6.pdf',NULL,NULL,NULL,NULL,NULL,0,'','','','',NULL,'6639e5094ac2466f6884b5fbf6ee971948e87e1ab42b4d85aea60fe4abb0689b','2026-06-06 20:39:04'),('5afb15ad-ced5-431b-9fc2-970cf4919433','1712345678','MART+šNEZ','G+¶MEZ','JUAN','CARLOS','1990-05-15','masculino','soltero','Av. Principal 123','022345678','0991234567','juan.martinez@email.com','Ingeniero',NULL,NULL,NULL,'activo','2026-06-06',NULL,NULL,NULL,NULL,NULL,NULL,NULL,NULL,0,NULL,NULL,NULL,NULL,NULL,NULL,'2026-06-06 14:16:51'),('9e52d148-927b-4784-b290-b8d9f9b1c35f','1787654321','L+¶PEZ','RAMOS','MAR+šA','ELENA','1985-08-22','femenino','casado','Calle Secundaria 456','022987654','0999876543','maria.lopez@email.com','Licenciada',NULL,NULL,NULL,'activo','2026-06-06',NULL,NULL,NULL,NULL,NULL,NULL,NULL,NULL,0,NULL,NULL,NULL,NULL,NULL,NULL,'2026-06-06 14:16:51'),('c19ef60e-9f5b-4750-a6d2-afd8f8e9ea9a','1766611122','CORDERO','QUIMI','LUIS','FELIPE','1982-09-05','masculino','casado','Av. Occidental 147','027890123','0943210987','luis.cordero@email.com','Contador',NULL,NULL,NULL,'activo','2026-06-06',NULL,NULL,NULL,NULL,NULL,NULL,NULL,NULL,0,NULL,NULL,NULL,NULL,NULL,'8652dfff92bd9c2f868aeeaa6df9b318609755b2d466e92e9e7a97bb71cb323e','2026-06-06 14:16:51'),('c26b7a29-755b-4665-8912-397c05d48a27','1711199900','ZAMBRANO','ROSALES','M+¶NICA','LISBETH','1995-01-25','femenino','union_libre','Calle Oriente 987','026789012','0954321098','monica.zambrano@email.com','Arquitecto',NULL,NULL,NULL,'activo','2026-06-06',NULL,NULL,NULL,NULL,NULL,NULL,NULL,NULL,0,NULL,NULL,NULL,NULL,NULL,NULL,'2026-06-06 14:16:51'),('caaf8155-4c10-4e84-aa7b-ba4183906421','1722233344','RAM+šREZ','V+ŠLEZ','ANA','LUC+šA','1988-03-10','femenino','divorciado','Calle Norte 321','024567890','0976543210','ana.ramirez@email.com','M+Ûdico',NULL,NULL,NULL,'activo','2026-06-06',NULL,NULL,NULL,NULL,NULL,NULL,NULL,NULL,0,NULL,NULL,NULL,NULL,NULL,NULL,'2026-06-06 14:16:51');
/*!40000 ALTER TABLE `socios` ENABLE KEYS */;
UNLOCK TABLES;

--
-- Table structure for table `solicitudes_retiro`
--

DROP TABLE IF EXISTS `solicitudes_retiro`;
/*!40101 SET @saved_cs_client     = @@character_set_client */;
/*!50503 SET character_set_client = utf8mb4 */;
CREATE TABLE `solicitudes_retiro` (
  `id_solicitud` char(36) CHARACTER SET utf8mb4 COLLATE utf8mb4_unicode_ci NOT NULL COMMENT 'UUID de la solicitud',
  `id_socio` char(36) CHARACTER SET utf8mb4 COLLATE utf8mb4_unicode_ci NOT NULL COMMENT 'FK al socio solicitante',
  `monto` decimal(12,2) NOT NULL COMMENT 'Monto solicitado',
  `motivo` text CHARACTER SET utf8mb4 COLLATE utf8mb4_unicode_ci COMMENT 'Motivo del retiro',
  `estado` enum('pendiente','aprobado','rechazado') CHARACTER SET utf8mb4 COLLATE utf8mb4_unicode_ci DEFAULT 'pendiente' COMMENT 'Estado de la solicitud',
  `fecha_solicitud` datetime DEFAULT CURRENT_TIMESTAMP COMMENT 'Fecha de solicitud',
  `fecha_respuesta` datetime DEFAULT NULL COMMENT 'Fecha de aprobaci+În/rechazo',
  `usuario_respuesta` char(36) CHARACTER SET utf8mb4 COLLATE utf8mb4_unicode_ci DEFAULT NULL COMMENT 'Usuario que aprob+Î/rechaz+Î',
  `id_cobro` char(36) CHARACTER SET utf8mb4 COLLATE utf8mb4_unicode_ci DEFAULT NULL COMMENT 'Cobro generado al aprobar',
  PRIMARY KEY (`id_solicitud`),
  KEY `id_socio` (`id_socio`),
  CONSTRAINT `solicitudes_retiro_ibfk_1` FOREIGN KEY (`id_socio`) REFERENCES `socios` (`id_socio`)
) ENGINE=InnoDB DEFAULT CHARSET=utf8mb4 COLLATE=utf8mb4_unicode_ci COMMENT='Solicitudes de retiro de ahorro';
/*!40101 SET character_set_client = @saved_cs_client */;

--
-- Dumping data for table `solicitudes_retiro`
--

LOCK TABLES `solicitudes_retiro` WRITE;
/*!40000 ALTER TABLE `solicitudes_retiro` DISABLE KEYS */;
/*!40000 ALTER TABLE `solicitudes_retiro` ENABLE KEYS */;
UNLOCK TABLES;

--
-- Table structure for table `usuarios`
--

DROP TABLE IF EXISTS `usuarios`;
/*!40101 SET @saved_cs_client     = @@character_set_client */;
/*!50503 SET character_set_client = utf8mb4 */;
CREATE TABLE `usuarios` (
  `id_usuario` char(36) CHARACTER SET utf8mb4 COLLATE utf8mb4_unicode_ci NOT NULL COMMENT 'Identificador +Înico del usuario (UUID)',
  `nombres` varchar(100) CHARACTER SET utf8mb4 COLLATE utf8mb4_unicode_ci NOT NULL COMMENT 'Nombres del usuario',
  `apellidos` varchar(100) CHARACTER SET utf8mb4 COLLATE utf8mb4_unicode_ci NOT NULL COMMENT 'Apellidos del usuario',
  `cedula` varchar(10) CHARACTER SET utf8mb4 COLLATE utf8mb4_unicode_ci NOT NULL COMMENT 'C+Ûdula de identidad ecuatoriana',
  `correo_electronico` varchar(100) CHARACTER SET utf8mb4 COLLATE utf8mb4_unicode_ci NOT NULL COMMENT 'Correo electr+Înico del usuario',
  `telefono` varchar(15) CHARACTER SET utf8mb4 COLLATE utf8mb4_unicode_ci DEFAULT NULL COMMENT 'N+Îmero de tel+Ûfono',
  `nombre_usuario` varchar(50) CHARACTER SET utf8mb4 COLLATE utf8mb4_unicode_ci NOT NULL COMMENT 'Nombre de usuario para inicio de sesi+În',
  `contrasena` varchar(255) CHARACTER SET utf8mb4 COLLATE utf8mb4_unicode_ci NOT NULL COMMENT 'Hash bcrypt de la contrase+Îa',
  `activo` tinyint(1) DEFAULT '1' COMMENT 'Indica si el usuario est+Ú activo en el sistema',
  `_2fa_obligatorio` tinyint(1) DEFAULT '0' COMMENT 'Indica si el 2FA es obligatorio para este usuario',
  `_2fa_activo` tinyint(1) DEFAULT '0' COMMENT 'Indica si el 2FA est+Ú actualmente activo',
  `bloqueado_hasta` datetime DEFAULT NULL COMMENT 'Fecha/hasta cu+Úndo est+Ú bloqueado (3 intentos fallidos)',
  `intentos_fallidos` int DEFAULT '0' COMMENT 'Contador de intentos fallidos de inicio de sesi+În',
  `fecha_creacion` datetime DEFAULT CURRENT_TIMESTAMP COMMENT 'Fecha de creaci+În del registro',
  `fecha_ultimo_acceso` datetime DEFAULT NULL COMMENT 'Fecha y hora del +Îltimo inicio de sesi+În exitoso',
  PRIMARY KEY (`id_usuario`),
  UNIQUE KEY `cå—È-¨dula` (`cedula`),
  UNIQUE KEY `correo_electrå—Èå—Õnico` (`correo_electronico`),
  UNIQUE KEY `nombre_usuario` (`nombre_usuario`),
  KEY `idx_usuarios_cå—È-¨dula` (`cedula`),
  KEY `idx_usuarios_correo` (`correo_electronico`),
  KEY `idx_usuarios_activo` (`activo`)
) ENGINE=InnoDB DEFAULT CHARSET=utf8mb4 COLLATE=utf8mb4_unicode_ci COMMENT='Usuarios del sistema con credenciales de acceso y control 2FA';
/*!40101 SET character_set_client = @saved_cs_client */;

--
-- Dumping data for table `usuarios`
--

LOCK TABLES `usuarios` WRITE;
/*!40000 ALTER TABLE `usuarios` DISABLE KEYS */;
INSERT INTO `usuarios` VALUES ('1673019a-c66d-4bb8-9158-1729fa6b064a','Gavino','Carranco','1002003000','gavinocg@gmail.com','0996755645','gcarranco','$2y$12$QkuzAcoAFQ7C9f5GMMeGS.1smyFeCvsvJeESlsmkB00oBEfzlLYjO',1,0,0,NULL,0,'2026-06-06 16:38:03','2026-06-12 08:32:54'),('516363c5-c79a-4491-83b4-b8303ce1f286','Directivo','Total','1003560438','gcarranco@hotmail.com','','tesorero','$2y$12$/gRI9LwajMIzc8e/NYxO6.hCsUvfbH3c.yxuEKpkpRT7AXoL2ojxe',1,0,0,NULL,0,'2026-06-06 18:23:36','2026-06-12 11:47:05'),('ce86e169-fa0a-468d-bb04-ca7b8c7a5291','Admin','Sistema','1002606083','admin@caja.test','0999999999','admin','$2y$12$IP4hst3.3yCimzqw/bO8JOYscRjkeQADlesFcttSetTnxNCRY.N8G',1,0,0,NULL,0,'2026-06-06 14:16:51','2026-06-12 11:46:39');
/*!40000 ALTER TABLE `usuarios` ENABLE KEYS */;
UNLOCK TABLES;

--
-- Dumping events for database 'caja_ahorro_pujota'
--

--
-- Dumping routines for database 'caja_ahorro_pujota'
--
/*!40103 SET TIME_ZONE=@OLD_TIME_ZONE */;

/*!40101 SET SQL_MODE=@OLD_SQL_MODE */;
/*!40014 SET FOREIGN_KEY_CHECKS=@OLD_FOREIGN_KEY_CHECKS */;
/*!40014 SET UNIQUE_CHECKS=@OLD_UNIQUE_CHECKS */;
/*!40101 SET CHARACTER_SET_CLIENT=@OLD_CHARACTER_SET_CLIENT */;
/*!40101 SET CHARACTER_SET_RESULTS=@OLD_CHARACTER_SET_RESULTS */;
/*!40101 SET COLLATION_CONNECTION=@OLD_COLLATION_CONNECTION */;
/*!40111 SET SQL_NOTES=@OLD_SQL_NOTES */;

-- Dump completed on 2026-06-12 12:04:07
